CookerStat, GenerateAssetRegistry=0.032723, Initialize=0.160526, RunGuid=RunID625167144923609D161D4B9ABBC95131
MaterialTransactionId7F4305744594C385B435C48DBE2F43DD_0, CacheKey=MATSM_4F0644619F9C48FF91E0D494C95EB050_PCD3D_SM5_5__BC5N_DEV_SL_NoDBuf_EARLYZ36D485FB0473D9EF64E6791AE5FDC2379_Num_SM5__0___TBasePassVSTDistanceFieldShadowsAndLightMapPolicyHQAtmosphericFog8B18AAF8F9198748E9489BA6EBEFA581D907D7CD2094224222222222222222222222224222222222222222222222222222222222222222222424444444440222222222222222222222244442222222222222222222222222222221240222224222222222222222222222222222222222222222222222222222222000044040000001400000014000000140000001400000014000000_TBasePassVSFCachedVolumeIndirectLightingPolicyAtmosphericFog8B18AAF8F9198748E9489BA6EBEFA581D907D7CD2094224222222222222222222222224222222222222222222222222222222222222222222424444444440222222222222222222222244442222222222222222222222222222221240222224222222222222222222222222222222222222222222222222222222000044040000001400000014000000140000001400000014000000_TShadowDepthVSForGSVertexShadowDepth_PerspectiveCorrecttrue4B45B91074D2CFA7ACE4DE03393192218069847A170422422222222222222222222222422222222222222222222222222222222222222222242444444444022222222222222222222224444222222222222222222222222222222124022222222222222222222020040440000001400000014000000140000001400000014000000_TBasePassVSFCachedPointIndirectLightingPolicyAtmosphericFog8B18AAF8F9198748E9489BA6EBEFA581D907D7CD2094224222222222222222222222224222222222222222222222222222222222222222222424444444440222222222222222222222244442222222222222222222222222222221240222224222222222222222222222222222222222222222222222222222222000044040000001400000014000000140000001400000014000000_TBasePassPSTDistanceFieldShadowsAndLightMapPolicyHQSkylight8B95D470BB4BF92A5C22A48B60B9DA18A2BE42522144224222222222222222222222224222222222222222222222222222222222222222222424444444440222222222222222222222244442222222222222222222222222222221240222224222222222222222222222222222222222222222222222222222222222202004044001400000014000000140000001400000014000000_TShadowDepthPSPixelShadowDepth_NonPerspectiveCorrecttrueCAB07D2D95B9FDBA4D93434B857B7D78E9EF61F717742242222222222222222222222242222222222222222222222222222222222222222224244444444402222222222222222222222444422222222222222222222222222222212402222222222222222222222222222000044040000001400000014000000140000001400000014000000_TShadowDepthVSVertexShadowDepth_PerspectiveCorrecttrue4B45B91074D2CFA7ACE4DE03393192218069847A170422422222222222222222222222422222222222222222222222222222222222222222242444444444022222222222222222222224444222222222222222222222222222222124022222222222222222222020040440000001400000014000000140000001400000014000000_TBasePassPSFCachedVolumeIndirectLightingPolicySkylight8B95D470BB4BF92A5C22A48B60B9DA18A2BE42522144224222222222222222222222224222222222222222222222222222222222222222222424444444440222222222222222222222244442222222222222222222222222222221240222224222222222222222222222222222222222222222222222222222222222202004044001400000014000000140000001400000014000000_TShadowDepthPSPixelShadowDepth_PerspectiveCorrecttrueCAB07D2D95B9FDBA4D93434B857B7D78E9EF61F717742242222222222222222222222242222222222222222222222222222222222222222224244444444402222222222222222222222444422222222222222222222222222222212402222222222222222222222222222000044040000001400000014000000140000001400000014000000_TBasePassVSFSimpleDynamicLightingPolicyAtmosphericFog8B18AAF8F9198748E9489BA6EBEFA581D907D7CD2094224222222222222222222222224222222222222222222222222222222222222222222424444444440222222222222222222222244442222222222222222222222222222221240222224222222222222222222222222222222222222222222222222222222000044040000001400000014000000140000001400000014000000_TBasePassPSFCachedPointIndirectLightingPolicySkylight8B95D470BB4BF92A5C22A48B60B9DA18A2BE42522144224222222222222222222222224222222222222222222222222222222222222222222424444444440222222222222222222222244442222222222222222222222222222221240222224222222222222222222222222222222222222222222222222222222222202004044001400000014000000140000001400000014000000_TShadowDepthVSForGSVertexShadowDepth_OutputDepthtrue4B45B91074D2CFA7ACE4DE03393192218069847A170422422222222222222222222222422222222222222222222222222222222222222222242444444444022222222222222222222224444222222222222222222222222222222124022222222222222222222020040440000001400000014000000140000001400000014000000_TShadowDepthPSPixelShadowDepth_OnePassPointLighttrueCAB07D2D95B9FDBA4D93434B857B7D78E9EF61F717742242222222222222222222222242222222222222222222222222222222222222222224244444444402222222222222222222222444422222222222222222222222222222212402222222222222222222222222222000044040000001400000014000000140000001400000014000000_TBasePassVSTDistanceFieldShadowsAndLightMapPolicyHQ8B18AAF8F9198748E9489BA6EBEFA581D907D7CD2094224222222222222222222222224222222222222222222222222222222222222222222424444444440222222222222222222222244442222222222222222222222222222221240222224222222222222222222222222222222222222222222222222222222000044040000001400000014000000140000001400000014000000_TBasePassPSTDistanceFieldShadowsAndLightMapPolicyHQ8B95D470BB4BF92A5C22A48B60B9DA18A2BE42522144224222222222222222222222224222222222222222222222222222222222222222222424444444440222222222222222222222244442222222222222222222222222222221240222224222222222222222222222222222222222222222222222222222222222202004044001400000014000000140000001400000014000000_TShadowDepthVSVertexShadowDepth_OutputDepthtrue4B45B91074D2CFA7ACE4DE03393192218069847A170422422222222222222222222222422222222222222222222222222222222222222222242444444444022222222222222222222224444222222222222222222222222222222124022222222222222222222020040440000001400000014000000140000001400000014000000_TBasePassPSFSimpleDynamicLightingPolicySkylight8B95D470BB4BF92A5C22A48B60B9DA18A2BE42522144224222222222222222222222224222222222222222222222222222222222222222222424444444440222222222222222222222244442222222222222222222222222222221240222224222222222222222222222222222222222222222222222222222222222202004044001400000014000000140000001400000014000000_TBasePassVSFCachedVolumeIndirectLightingPolicy8B18AAF8F9198748E9489BA6EBEFA581D907D7CD2094224222222222222222222222224222222222222222222222222222222222222222222424444444440222222222222222222222244442222222222222222222222222222221240222224222222222222222222222222222222222222222222222222222222000044040000001400000014000000140000001400000014000000_TBasePassPSFCachedVolumeIndirectLightingPolicy8B95D470BB4BF92A5C22A48B60B9DA18A2BE42522144224222222222222222222222224222222222222222222222222222222222222222222424444444440222222222222222222222244442222222222222222222222222222221240222224222222222222222222222222222222222222222222222222222222222202004044001400000014000000140000001400000014000000_TBasePassVSFCachedPointIndirectLightingPolicy8B18AAF8F9198748E9489BA6EBEFA581D907D7CD2094224222222222222222222222224222222222222222222222222222222222222222222424444444440222222222222222222222244442222222222222222222222222222221240222224222222222222222222222222222222222222222222222222222222000044040000001400000014000000140000001400000014000000_TBasePassPSFCachedPointIndirectLightingPolicy8B95D470BB4BF92A5C22A48B60B9DA18A2BE42522144224222222222222222222222224222222222222222222222222222222222222222222424444444440222222222222222222222244442222222222222222222222222222221240222224222222222222222222222222222222222222222222222222222222222202004044001400000014000000140000001400000014000000_TBasePassVSTLightMapPolicyLQAtmosphericFog8B18AAF8F9198748E9489BA6EBEFA581D907D7CD2094224222222222222222222222224222222222222222222222222222222222222222222424444444440222222222222222222222244442222222222222222222222222222221240222224222222222222222222222222222222222222222222222222222222000044040000001400000014000000140000001400000014000000_TBasePassVSTLightMapPolicyHQAtmosphericFog8B18AAF8F9198748E9489BA6EBEFA581D907D7CD2094224222222222222222222222224222222222222222222222222222222222222222222424444444440222222222222222222222244442222222222222222222222222222221240222224222222222222222222222222222222222222222222222222222222000044040000001400000014000000140000001400000014000000_TBasePassVSFNoLightMapPolicyAtmosphericFog8B18AAF8F9198748E9489BA6EBEFA581D907D7CD2094224222222222222222222222224222222222222222222222222222222222222222222424444444440222222222222222222222244442222222222222222222222222222221240222224222222222222222222222222222222222222222222222222222222000044040000001400000014000000140000001400000014000000_TBasePassVSFSimpleDynamicLightingPolicy8B18AAF8F9198748E9489BA6EBEFA581D907D7CD2094224222222222222222222222224222222222222222222222222222222222222222222424444444440222222222222222222222244442222222222222222222222222222221240222224222222222222222222222222222222222222222222222222222222000044040000001400000014000000140000001400000014000000_TBasePassPSFSimpleDynamicLightingPolicy8B95D470BB4BF92A5C22A48B60B9DA18A2BE42522144224222222222222222222222224222222222222222222222222222222222222222222424444444440222222222222222222222244442222222222222222222222222222221240222224222222222222222222222222222222222222222222222222222222222202004044001400000014000000140000001400000014000000_TBasePassPSTLightMapPolicyLQSkylight8B95D470BB4BF92A5C22A48B60B9DA18A2BE42522144224222222222222222222222224222222222222222222222222222222222222222222424444444440222222222222222222222244442222222222222222222222222222221240222224222222222222222222222222222222222222222222222222222222222202004044001400000014000000140000001400000014000000_TBasePassPSTLightMapPolicyHQSkylight8B95D470BB4BF92A5C22A48B60B9DA18A2BE42522144224222222222222222222222224222222222222222222222222222222222222222222424444444440222222222222222222222244442222222222222222222222222222221240222224222222222222222222222222222222222222222222222222222222222202004044001400000014000000140000001400000014000000_TBasePassPSFNoLightMapPolicySkylight8B95D470BB4BF92A5C22A48B60B9DA18A2BE42522144224222222222222222222222224222222222222222222222222222222222222222222424444444440222222222222222222222244442222222222222222222222222222221240222224222222222222222222222222222222222222222222222222222222222202004044001400000014000000140000001400000014000000_TBasePassVSTLightMapPolicyLQ8B18AAF8F9198748E9489BA6EBEFA581D907D7CD2094224222222222222222222222224222222222222222222222222222222222222222222424444444440222222222222222222222244442222222222222222222222222222221240222224222222222222222222222222222222222222222222222222222222000044040000001400000014000000140000001400000014000000_TBasePassVSTLightMapPolicyHQ8B18AAF8F9198748E9489BA6EBEFA581D907D7CD2094224222222222222222222222224222222222222222222222222222222222222222222424444444440222222222222222222222244442222222222222222222222222222221240222224222222222222222222222222222222222222222222222222222222000044040000001400000014000000140000001400000014000000_TBasePassVSFNoLightMapPolicy8B18AAF8F9198748E9489BA6EBEFA581D907D7CD2094224222222222222222222222224222222222222222222222222222222222222222222424444444440222222222222222222222244442222222222222222222222222222221240222224222222222222222222222222222222222222222222222222222222000044040000001400000014000000140000001400000014000000_TBasePassPSTLightMapPolicyLQ8B95D470BB4BF92A5C22A48B60B9DA18A2BE42522144224222222222222222222222224222222222222222222222222222222222222222222424444444440222222222222222222222244442222222222222222222222222222221240222224222222222222222222222222222222222222222222222222222222222202004044001400000014000000140000001400000014000000_TBasePassPSTLightMapPolicyHQ8B95D470BB4BF92A5C22A48B60B9DA18A2BE42522144224222222222222222222222224222222222222222222222222222222222222222222424444444440222222222222222222222244442222222222222222222222222222221240222224222222222222222222222222222222222222222222222222222222222202004044001400000014000000140000001400000014000000_TBasePassPSFNoLightMapPolicy8B95D470BB4BF92A5C22A48B60B9DA18A2BE42522144224222222222222222222222224222222222222222222222222222222222222222222424444444440222222222222222222222244442222222222222222222222222222221240222224222222222222222222222222222222222222222222222222222222222202004044001400000014000000140000001400000014000000_FEvaluateSurfelMaterialCS6258113C2EBBF117ED7778A8D1717F7C4F99C7B816742242222222222222222222222242222222222222222222222222222222222222222224244444444402222222222222222222222444422222222222222222222222222222222222222222222222222220000440414000000140000001400000014000000_FConvertToUniformMeshVSE7DF727A12438F2D529D6604B0B1C022849CCFEB152422422222222222222222222222422222222222222222222222222222222222222222242444444444022222222222222222222224444222222222222222222222222222222124022020040441400000014000000140000001400000014000000_FConvertToUniformMeshGSE7DF727A12438F2D529D6604B0B1C022849CCFEB152422422222222222222222222222422222222222222222222222222222222222222222242444444444022222222222222222222224444222222222222222222222222222222124022020040441400000014000000140000001400000014000000_TGPUSkinVertexFactoryfalse6A4FBF2D5FFE1532D4D5F4077DE2FE3E6913685313222222222222020000000_TGPUSkinVertexFactorytrue6A4FBF2D5FFE1532D4D5F4077DE2FE3E6913685313222222222222020000000_FLocalVertexFactory5897CEF715AB93237703E35F9ABEBB43E8E477D342242000000000648000404040404040404040404343434444434343434040404040404040404043434340404040440404040404040404040404043434344444343434340404040404040404040434343404040161010101010004242444444444444444241414143414141414131314141414443414440444444444444444141414141414141414341434141414141414141414141313144444142414444444141010100044434143414141414444444343414344444444044444444444444444444444444444444444444444444444444444444444444444444444444040101010101010101010101010101010101010101010101012104434343434441444444444444444401010101010101010101010101013014341434241414142444141303313131414444444400444444343212141414141414141414141414022341414141414141414101244343250000001000000010000000100000001000000010000000100000001000000010000000100000001000000010000000100000001000000010000000100000001000000010000000100000001000000010000000100000001000000010000000100000001000000025000000100000001000000010000000100000001000000010000000100000001000000010000000100000001000000010000000100000001000000010000000100000001000000010000000100000001000000010000000100000001000000010000000100000000800000008000000080000000800000008000000080000004900000010000000090000000800000010000000100000001000000026000000180000000900000009000000090000000900000009000000090000000900000009000000090000000900000009000000090000000900000009000000090000000900000009000000090000000800000008000000080000000800000008000000080000001C00000009000000090000000900000009000000090000000900000009000000080000000800000008000000080000000800000008000000080000000D0000000800000013000000100000000A0000000C000000DA39A3EE5E6B4B0D3255BFEF95601890AFD807090000000000000000000000000000000000000000, ShaderCompilation=5891.400879, RunGuid=RunID625167144923609D161D4B9ABBC95131
DDCTransactionId2B4E11804A8605B66F172FAFD2F3D896_0, PutCachedData=, CacheKey=MATSM_4F0644619F9C48FF91E0D494C95EB050_PCD3D_SM5_5__BC5N_DEV_SL_NoDBuf_EARLYZ3__CB5DE688D137649034E136D3048F08072B41537C, StartTime=2016.05.25-18.28.35, HierarchicalDDC=, DataSize=359569, Duration=17.467283, RunGuid=RunID625167144923609D161D4B9ABBC95131
DDCTransactionId436BCBB3468F98BD43ACC592252F8107_0, PutCachedData=, CacheKey=PhysX_1D9C17C451EA4FB88CB7A27536A65DB0_PhysXPC_9A28865A487293000BA64CA4E0E6A194__1_0_13123_0, StartTime=2016.05.25-18.29.24, HierarchicalDDC=, DataSize=458, Duration=2.099153, RunGuid=RunID625167144923609D161D4B9ABBC95131
DDCTransactionId865ECE6E4A96D4D29AB6ED8658E41500_0, PutCachedData=, CacheKey=PhysX_1D9C17C451EA4FB88CB7A27536A65DB0_PhysXPC_C64C7E224974ECE11183E981A6A76C4B__1_0_13123_0, StartTime=2016.05.25-18.29.24, HierarchicalDDC=, DataSize=458, Duration=1.759622, RunGuid=RunID625167144923609D161D4B9ABBC95131
DDCTransactionId86829815480AB7407C36C0A0E4302A84_0, PutCachedData=, CacheKey=PhysX_1D9C17C451EA4FB88CB7A27536A65DB0_PhysXPC_943F68CF4EAE820CAE0BDEB03AFDFABD__1_0_13123_0, StartTime=2016.05.25-18.29.24, HierarchicalDDC=, DataSize=458, Duration=1.726519, RunGuid=RunID625167144923609D161D4B9ABBC95131
DDCTransactionIdE052B25942B141902A1CB5A2FA89C26A_0, BuildTexture=, CacheKey=TEXTURE_814DCC3DC72143F49509781513CB9855_DXT1_44B6E8FC40F0D41749CAF099F53A0E6D_07_0000803F0000803F0000803F000000000000803F00000000000000000000803F0000000000000000020000000E000000000000000101000000040000803FFFFFFFFF00000000FF00FF00FFFF8180803B, StartTime=2016.05.25-18.29.48, Duration=163.866776, RunGuid=RunID625167144923609D161D4B9ABBC95131
DDCTransactionIdD4B13FB94311EF726617AB93FFDBAC09_0, BuildTexture=, CacheKey=TEXTURE_814DCC3DC72143F49509781513CB9855_AutoDXT_DB363FF54EF316B8F862B792F2589072_07_0000803F0000803F0000803F000000000000803F00000000000000000000803F0000000000000000020000000E000000000000000101000000040000803FFFFFFFFF00000000FF00FF00FFFF8180803B, StartTime=2016.05.25-18.29.48, Duration=68.355484, RunGuid=RunID625167144923609D161D4B9ABBC95131
DDCTransactionId6709CA1342B470C07065F095CD8F1A1E_0, BuildTexture=, CacheKey=TEXTURE_814DCC3DC72143F49509781513CB9855_AutoDXT_C631B0404486AE9C6F47CAAEC5D5C8CB_07_0000803F0000803F0000803F000000000000803F00000000000000000000803F0000000000000000020000000E000000000000000101000000040000803FFFFFFFFF00000000FF00FF00FFFF8180803B, StartTime=2016.05.25-18.29.48, Duration=78.965584, RunGuid=RunID625167144923609D161D4B9ABBC95131
DDCTransactionId07E84B9B4F0BFC1E1A4B7DA31BAC4C77_0, BuildTexture=, CacheKey=TEXTURE_814DCC3DC72143F49509781513CB9855_DXT1_80C929024BB852791C1A0F940FABEF36_07_0000803F0000803F0000803F000000000000803F00000000000000000000803F0000000000000000020000000E000000000000000101000000040000803FFFFFFFFF00000000FF00FF00FFFF8180803B, StartTime=2016.05.25-18.29.48, Duration=64.250725, RunGuid=RunID625167144923609D161D4B9ABBC95131
DDCTransactionIdFF4B38A94BDAAE6A2A344EA947EE3125_0, BuildTexture=, CacheKey=TEXTURE_814DCC3DC72143F49509781513CB9855_AutoDXT_059103DF452A9E2D8D474DA741E9B2BF_07_0000803F0000803F0000803F000000000000803F00000000000000000000803F0000000000000000020000000E000000000000000101000000040000803FFFFFFFFF00000000FF00FF00FFFF8180803B, StartTime=2016.05.25-18.29.48, Duration=212.808258, RunGuid=RunID625167144923609D161D4B9ABBC95131
DDCTransactionId4FE0EBE54D234B26692D57ABDFBD6C3B_0, BuildTexture=, CacheKey=TEXTURE_814DCC3DC72143F49509781513CB9855_AutoDXT_6FC937EA47B073723BB2DD8BFB318F1F_07_0000803F0000803F0000803F000000000000803F00000000000000000000803F0000000000000000020000000E000000000000000101000000040000803FFFFFFFFF00000000FF00FF00FFFF8180803B, StartTime=2016.05.25-18.29.48, Duration=219.336685, RunGuid=RunID625167144923609D161D4B9ABBC95131
DDCTransactionId436BCBB3468F98BD43ACC592252F8107_1, PutCachedData=, CacheKey=TEXTURE_814DCC3DC72143F49509781513CB9855_DXT1_80C929024BB852791C1A0F940FABEF36__6A82BC48915FEF9DCAB41EFBCC2B27DDB3CBB0C7, StartTime=2016.05.25-18.29.48, HierarchicalDDC=, DataSize=33028, Duration=2.192315, RunGuid=RunID625167144923609D161D4B9ABBC95131
DDCTransactionId07E84B9B4F0BFC1E1A4B7DA31BAC4C77_1, BuildTexture=, CacheKey=TEXTURE_814DCC3DC72143F49509781513CB9855_AutoDXT_8444D6294D17424A11869393C3BAFDF7_07_0000803F0000803F0000803F000000000000803F00000000000000000000803F0000000000000000020000000E000000000000000101000000040000803FFFFFFFFF00000000FF00FF00FFFF8180803B, StartTime=2016.05.25-18.29.48, Duration=3.960792, RunGuid=RunID625167144923609D161D4B9ABBC95131
DDCTransactionId865ECE6E4A96D4D29AB6ED8658E41500_1, PutCachedData=, CacheKey=TEXTURE_814DCC3DC72143F49509781513CB9855_DXT1_80C929024BB852791C1A0F940FABEF36__B2BEBFFC85C11F49B0BBEEE21E8DDC4CEB480EFE, StartTime=2016.05.25-18.29.48, HierarchicalDDC=, DataSize=8452, Duration=1.760010, RunGuid=RunID625167144923609D161D4B9ABBC95131
DDCTransactionId86829815480AB7407C36C0A0E4302A84_1, PutCachedData=, CacheKey=TEXTURE_814DCC3DC72143F49509781513CB9855_DXT1_80C929024BB852791C1A0F940FABEF36__B417664E4A2253E01B2F2C3B71EA065602D0854A, StartTime=2016.05.25-18.29.48, HierarchicalDDC=, DataSize=3851, Duration=1.601022, RunGuid=RunID625167144923609D161D4B9ABBC95131
DDCTransactionIdF183BD9F4149BF05E33812B73613386C_0, PutCachedData=, CacheKey=TEXTURE_814DCC3DC72143F49509781513CB9855_AutoDXT_DB363FF54EF316B8F862B792F2589__704AE8D7EC4CC602FF3A167B0E05EA68C95951DC, StartTime=2016.05.25-18.29.48, HierarchicalDDC=, DataSize=33031, Duration=1.449738, RunGuid=RunID625167144923609D161D4B9ABBC95131
DDCTransactionId2B4E11804A8605B66F172FAFD2F3D896_1, PutCachedData=, CacheKey=TEXTURE_814DCC3DC72143F49509781513CB9855_AutoDXT_DB363FF54EF316B8F862B792F2589__913A5E6BBA311B91215B9F7B86CE1443F90A937A, StartTime=2016.05.25-18.29.48, HierarchicalDDC=, DataSize=8454, Duration=1.540586, RunGuid=RunID625167144923609D161D4B9ABBC95131
DDCTransactionIdD4B13FB94311EF726617AB93FFDBAC09_1, BuildTexture=, CacheKey=TEXTURE_814DCC3DC72143F49509781513CB9855_AutoDXT_C502A7D14E846DA2E758ECBD1A946347_07_0000803F0000803F0000803F000000000000803F00000000000000000000803F0000000000000000020000000E000000000000000101000000040000803FFFFFFFFF00000000FF00FF00FFFF8180803B, StartTime=2016.05.25-18.29.48, Duration=0.824571, RunGuid=RunID625167144923609D161D4B9ABBC95131
DDCTransactionId6151A80D47606ECEFF757E857B18A8DD_0, PutCachedData=, CacheKey=TEXTURE_814DCC3DC72143F49509781513CB9855_AutoDXT_DB363FF54EF316B8F862B792F2589__B99E2EC87C97FB592FDF3C8AD3A65F3718C8044F, StartTime=2016.05.25-18.29.48, HierarchicalDDC=, DataSize=3883, Duration=17.513474, RunGuid=RunID625167144923609D161D4B9ABBC95131
DDCTransactionId0D4D189F406B28F35ED0EFB4CCC60C0A_0, PutCachedData=, CacheKey=TEXTURE_814DCC3DC72143F49509781513CB9855_AutoDXT_8444D6294D17424A11869393C3BAF__7D9DFC6B4F1E2AE445113BF82EEEC06825E8CA78, StartTime=2016.05.25-18.29.48, HierarchicalDDC=, DataSize=3294, Duration=1.343872, RunGuid=RunID625167144923609D161D4B9ABBC95131
DDCTransactionId865ECE6E4A96D4D29AB6ED8658E41500_2, PutCachedData=, CacheKey=TEXTURE_814DCC3DC72143F49509781513CB9855_AutoDXT_C502A7D14E846DA2E758ECBD1A946__53D92DB9AB68D058D7A7F895B4E8132F9A0CCBF9, StartTime=2016.05.25-18.29.48, HierarchicalDDC=, DataSize=6014, Duration=1.325011, RunGuid=RunID625167144923609D161D4B9ABBC95131
DDCTransactionId436BCBB3468F98BD43ACC592252F8107_2, PutCachedData=, CacheKey=TEXTURE_814DCC3DC72143F49509781513CB9855_AutoDXT_C631B0404486AE9C6F47CAAEC5D5C__8145E2FB1E608BF254DF64FD5DAE62478DD2D887, StartTime=2016.05.25-18.29.48, HierarchicalDDC=, DataSize=65799, Duration=1.789264, RunGuid=RunID625167144923609D161D4B9ABBC95131
DDCTransactionId86829815480AB7407C36C0A0E4302A84_2, PutCachedData=, CacheKey=TEXTURE_814DCC3DC72143F49509781513CB9855_AutoDXT_C631B0404486AE9C6F47CAAEC5D5C__B2BAC2A639B8C255ABA713E519F61909ADE3A9A2, StartTime=2016.05.25-18.29.48, HierarchicalDDC=, DataSize=16647, Duration=2.209250, RunGuid=RunID625167144923609D161D4B9ABBC95131
DDCTransactionIdF183BD9F4149BF05E33812B73613386C_1, PutCachedData=, CacheKey=TEXTURE_814DCC3DC72143F49509781513CB9855_AutoDXT_C631B0404486AE9C6F47CAAEC5D5C__0FEFA6EBD421F37297552FF5611F18EF90027176, StartTime=2016.05.25-18.29.48, HierarchicalDDC=, DataSize=6604, Duration=2.281621, RunGuid=RunID625167144923609D161D4B9ABBC95131
DDCTransactionId07E84B9B4F0BFC1E1A4B7DA31BAC4C77_2, BuildTexture=, CacheKey=TEXTURE_814DCC3DC72143F49509781513CB9855_DXT1_F04D7B274BD7AD201656228AA0765BED_07_0000803F0000803F0000803F000000000000803F00000000000000000000803F0000000000000000020000000E000000000000000101000000040000803FFFFFFFFF00000000FF00FF00FFFF8180803B, StartTime=2016.05.25-18.29.48, Duration=5.828202, RunGuid=RunID625167144923609D161D4B9ABBC95131
DDCTransactionId2B4E11804A8605B66F172FAFD2F3D896_2, PutCachedData=, CacheKey=TEXTURE_814DCC3DC72143F49509781513CB9855_DXT1_F04D7B274BD7AD201656228AA0765BED__0A2A2FBE525CE636AD8150AF55555010B0CA7634, StartTime=2016.05.25-18.29.48, HierarchicalDDC=, DataSize=3267, Duration=1.051694, RunGuid=RunID625167144923609D161D4B9ABBC95131
DDCTransactionId865ECE6E4A96D4D29AB6ED8658E41500_3, PutCachedData=, CacheKey=TEXTURE_814DCC3DC72143F49509781513CB9855_DXT1_44B6E8FC40F0D41749CAF099F53A0E6D__A19D68B1E65673A1C4992D4A1A7E169F6EAF84C8, StartTime=2016.05.25-18.29.48, HierarchicalDDC=, DataSize=131332, Duration=2.099924, RunGuid=RunID625167144923609D161D4B9ABBC95131
DDCTransactionId0D4D189F406B28F35ED0EFB4CCC60C0A_1, PutCachedData=, CacheKey=TEXTURE_814DCC3DC72143F49509781513CB9855_DXT1_44B6E8FC40F0D41749CAF099F53A0E6D__F4A34C359808A4146F51A9C0C276F454C98B56A6, StartTime=2016.05.25-18.29.48, HierarchicalDDC=, DataSize=33028, Duration=1.920920, RunGuid=RunID625167144923609D161D4B9ABBC95131
DDCTransactionId436BCBB3468F98BD43ACC592252F8107_3, PutCachedData=, CacheKey=TEXTURE_814DCC3DC72143F49509781513CB9855_DXT1_44B6E8FC40F0D41749CAF099F53A0E6D__663BF28FCE61EA6AFCAE6DC3A3253F46A453CE49, StartTime=2016.05.25-18.29.48, HierarchicalDDC=, DataSize=8452, Duration=22.768478, RunGuid=RunID625167144923609D161D4B9ABBC95131
DDCTransactionId86829815480AB7407C36C0A0E4302A84_3, PutCachedData=, CacheKey=TEXTURE_814DCC3DC72143F49509781513CB9855_DXT1_44B6E8FC40F0D41749CAF099F53A0E6D__016834D77DCF40D4C3EDEB58F3D60A12916470EF, StartTime=2016.05.25-18.29.48, HierarchicalDDC=, DataSize=4143, Duration=2.777442, RunGuid=RunID625167144923609D161D4B9ABBC95131
DDCTransactionIdF183BD9F4149BF05E33812B73613386C_2, PutCachedData=, CacheKey=TEXTURE_814DCC3DC72143F49509781513CB9855_AutoDXT_059103DF452A9E2D8D474DA741E9B__507BB41E9B9D57329123D07116CBA5C1362528A6, StartTime=2016.05.25-18.29.48, HierarchicalDDC=, DataSize=131335, Duration=2.059505, RunGuid=RunID625167144923609D161D4B9ABBC95131
DDCTransactionId6151A80D47606ECEFF757E857B18A8DD_1, PutCachedData=, CacheKey=TEXTURE_814DCC3DC72143F49509781513CB9855_AutoDXT_059103DF452A9E2D8D474DA741E9B__04369D96B5FC9FB46BF8F7E105C36D393389E702, StartTime=2016.05.25-18.29.48, HierarchicalDDC=, DataSize=33031, Duration=1.640286, RunGuid=RunID625167144923609D161D4B9ABBC95131
DDCTransactionId2B4E11804A8605B66F172FAFD2F3D896_3, PutCachedData=, CacheKey=TEXTURE_814DCC3DC72143F49509781513CB9855_AutoDXT_059103DF452A9E2D8D474DA741E9B__4722105E5C1B2F4A7212FFC6504C53D966AD9D67, StartTime=2016.05.25-18.29.48, HierarchicalDDC=, DataSize=8454, Duration=1.788881, RunGuid=RunID625167144923609D161D4B9ABBC95131
DDCTransactionId0D4D189F406B28F35ED0EFB4CCC60C0A_2, PutCachedData=, CacheKey=TEXTURE_814DCC3DC72143F49509781513CB9855_AutoDXT_059103DF452A9E2D8D474DA741E9B__78F43CBBB17BD6D287DA1EBE4D4F0618E19C6C3C, StartTime=2016.05.25-18.29.48, HierarchicalDDC=, DataSize=4178, Duration=1.562528, RunGuid=RunID625167144923609D161D4B9ABBC95131
DDCTransactionId865ECE6E4A96D4D29AB6ED8658E41500_4, PutCachedData=, CacheKey=TEXTURE_814DCC3DC72143F49509781513CB9855_AutoDXT_6FC937EA47B073723BB2DD8BFB318__14BF89B3BA6DE562382C25C434057525600D0A63, StartTime=2016.05.25-18.29.48, HierarchicalDDC=, DataSize=262407, Duration=2.235040, RunGuid=RunID625167144923609D161D4B9ABBC95131
DDCTransactionId86829815480AB7407C36C0A0E4302A84_4, PutCachedData=, CacheKey=TEXTURE_814DCC3DC72143F49509781513CB9855_AutoDXT_6FC937EA47B073723BB2DD8BFB318__25D45E77F18AC40293BE41899EE567419E943530, StartTime=2016.05.25-18.29.48, HierarchicalDDC=, DataSize=65799, Duration=2.078366, RunGuid=RunID625167144923609D161D4B9ABBC95131
DDCTransactionId436BCBB3468F98BD43ACC592252F8107_4, PutCachedData=, CacheKey=TEXTURE_814DCC3DC72143F49509781513CB9855_AutoDXT_6FC937EA47B073723BB2DD8BFB318__6C41EEF826C9568C5C9AF2BDEB9CBBD70092ABDF, StartTime=2016.05.25-18.29.48, HierarchicalDDC=, DataSize=16647, Duration=1.977507, RunGuid=RunID625167144923609D161D4B9ABBC95131
DDCTransactionId6151A80D47606ECEFF757E857B18A8DD_2, PutCachedData=, CacheKey=TEXTURE_814DCC3DC72143F49509781513CB9855_AutoDXT_6FC937EA47B073723BB2DD8BFB318__F7BC690B03B862072EF6F8656C17F95FF1A9C47E, StartTime=2016.05.25-18.29.48, HierarchicalDDC=, DataSize=6899, Duration=1.219150, RunGuid=RunID625167144923609D161D4B9ABBC95131
DDCTransactionIdE052B25942B141902A1CB5A2FA89C26A_1, BuildTexture=, CacheKey=TEXTURE_814DCC3DC72143F49509781513CB9855_G8_70CAE1324356945A378F39B1B1F8D329_07_0000803F0000803F0000803F000000000000803F00000000000000000000803F0000000000000000020000000E000000000000000101000000040000803FFFFFFFFF00000000FF00FF00FFFF8180803B, StartTime=2016.05.25-18.29.48, Duration=5.461339, RunGuid=RunID625167144923609D161D4B9ABBC95131
DDCTransactionId0D4D189F406B28F35ED0EFB4CCC60C0A_3, PutCachedData=, CacheKey=TEXTURE_814DCC3DC72143F49509781513CB9855_G8_70CAE1324356945A378F39B1B1F8D329_0__7C96F50BCE632E4C7DABAE19EE967BE6E99970E8, StartTime=2016.05.25-18.29.48, HierarchicalDDC=, DataSize=131330, Duration=10.027278, RunGuid=RunID625167144923609D161D4B9ABBC95131
DDCTransactionId2B4E11804A8605B66F172FAFD2F3D896_4, PutCachedData=, CacheKey=TEXTURE_814DCC3DC72143F49509781513CB9855_G8_70CAE1324356945A378F39B1B1F8D329_0__8AA333C8CD490CAAD90E46EEC127075DE35692A2, StartTime=2016.05.25-18.29.48, HierarchicalDDC=, DataSize=33026, Duration=1.981359, RunGuid=RunID625167144923609D161D4B9ABBC95131
DDCTransactionIdF183BD9F4149BF05E33812B73613386C_3, PutCachedData=, CacheKey=TEXTURE_814DCC3DC72143F49509781513CB9855_G8_70CAE1324356945A378F39B1B1F8D329_0__3A45CE1A4C6D026664DCE748909EA5BD557AEEBE, StartTime=2016.05.25-18.29.48, HierarchicalDDC=, DataSize=8449, Duration=2.030246, RunGuid=RunID625167144923609D161D4B9ABBC95131
DDCTransactionId6151A80D47606ECEFF757E857B18A8DD_3, PutCachedData=, CacheKey=TEXTURE_814DCC3DC72143F49509781513CB9855_G8_70CAE1324356945A378F39B1B1F8D329_0__C3232BA4981CC5B5C0C536F29432DC870A42D25F, StartTime=2016.05.25-18.29.48, HierarchicalDDC=, DataSize=4119, Duration=1.301531, RunGuid=RunID625167144923609D161D4B9ABBC95131
DDCTransactionIdD4B13FB94311EF726617AB93FFDBAC09_2, BuildTexture=, CacheKey=TEXTURE_814DCC3DC72143F49509781513CB9855_G8_972826154C4ACC635D02009D284D7F55_07_0000803F0000803F0000803F000000000000803F00000000000000000000803F0000000000000000020000000E000000000000000101000000040000803FFFFFFFFF00000000FF00FF00FFFF8180803B, StartTime=2016.05.25-18.29.48, Duration=0.224814, RunGuid=RunID625167144923609D161D4B9ABBC95131
DDCTransactionId436BCBB3468F98BD43ACC592252F8107_5, PutCachedData=, CacheKey=TEXTURE_814DCC3DC72143F49509781513CB9855_G8_972826154C4ACC635D02009D284D7F55_0__B568C0C569A25D33509AD49FF3C2E3C6D1E02895, StartTime=2016.05.25-18.29.48, HierarchicalDDC=, DataSize=3250, Duration=1.736142, RunGuid=RunID625167144923609D161D4B9ABBC95131
DDCTransactionId07E84B9B4F0BFC1E1A4B7DA31BAC4C77_3, BuildTexture=, CacheKey=TEXTURE_814DCC3DC72143F49509781513CB9855_G8_A35CF2B047FF8DF867939E88237EC3D1_07_0000803F0000803F0000803F000000000000803F00000000000000000000803F0000000000000000020000000E000000000000000101000000040000803FFFFFFFFF00000000FF00FF00FFFF8180803B, StartTime=2016.05.25-18.29.48, Duration=1.612570, RunGuid=RunID625167144923609D161D4B9ABBC95131
DDCTransactionId86829815480AB7407C36C0A0E4302A84_5, PutCachedData=, CacheKey=TEXTURE_814DCC3DC72143F49509781513CB9855_G8_A35CF2B047FF8DF867939E88237EC3D1_0__CE78FB92ED249AF70ED7B75539F0CA0F3C631C11, StartTime=2016.05.25-18.29.48, HierarchicalDDC=, DataSize=33026, Duration=13.050318, RunGuid=RunID625167144923609D161D4B9ABBC95131
DDCTransactionId865ECE6E4A96D4D29AB6ED8658E41500_5, PutCachedData=, CacheKey=TEXTURE_814DCC3DC72143F49509781513CB9855_G8_A35CF2B047FF8DF867939E88237EC3D1_0__FDB112C39E6032D18E29F64ABB854B3319FC5B06, StartTime=2016.05.25-18.29.48, HierarchicalDDC=, DataSize=8449, Duration=1.639903, RunGuid=RunID625167144923609D161D4B9ABBC95131
DDCTransactionId6151A80D47606ECEFF757E857B18A8DD_4, PutCachedData=, CacheKey=TEXTURE_814DCC3DC72143F49509781513CB9855_G8_A35CF2B047FF8DF867939E88237EC3D1_0__1F52DD73567099E9E9844E987C9378BD9E3E0384, StartTime=2016.05.25-18.29.48, HierarchicalDDC=, DataSize=3829, Duration=1.338486, RunGuid=RunID625167144923609D161D4B9ABBC95131
DDCTransactionId6151A80D47606ECEFF757E857B18A8DD_5, PutCachedData=, CacheKey=REFL_FULL_0C6693969CB849AE9F4120FF5812F4D2_203A23AE4D3954DA2BB2D9846E8BFE74, StartTime=2016.05.25-18.29.54, HierarchicalDDC=, DataSize=399363, Duration=2.283931, RunGuid=RunID625167144923609D161D4B9ABBC95131
SavePackageTransactionId18DD359645185701BD6DD798BAF5FD1A_0, Filename=../../../../../../UnrealProjects/MechProject2/Saved/Autosaves/Game/ThirdPersonBP/Maps/DEMOmap_Auto1.umap, AutoPackageBackupDelegate=83.501877, FlushAsyncLoading=0.022713, FlushStreamingFunc=0.157446, BlockTillAllRequestsFinished=0.012703, ResetLoadersForSaveUnMarkAllObjects=1.403928, TagPackageExports=9.920261, BeginCacheForCookedPlatformData=0.007313, SerializeImports=14.615927, GatherLocalizableTextData=96.226913, MarkNames=0.297956, SerializeSummary=0.040036, SerializeNames=0.746809, SerializeGatherableTextData=0.112407, BuildExportMap=0.809174, SortExportsNonSeekfree=5.057137, SortExportsSeekfreeConstructor=0.120874, SortExportsSeekfreeInner=80.985054, SortExportsSeekfree=0.016555, BuildDependencyMap=0.457712, SerializeImportMap=0.103556, SerializeExportMap=0.158601, SerializeDependencyMap=0.068523, SerializeStringAssetReferenceMap=0.005003, SaveThumbNailsAssetRegistryDataWorldLevelInfo=5.340852, SerializeExports=22.993677, SerializeBulkData=3.023427, MoveFile=233.707413, UnaccountedTime=0.500824, RunGuid=RunID625167144923609D161D4B9ABBC95131
DDCTransactionId86829815480AB7407C36C0A0E4302A84_6, PutCachedData=, CacheKey=REFL_FULL_0C6693969CB849AE9F4120FF5812F4D2_203A23AE4D3954DA2BB2D9846E8BFE74, StartTime=2016.05.25-18.41.15, HierarchicalDDC=, DataSize=397059, Duration=0.689067, RunGuid=RunID625167144923609D161D4B9ABBC95131
SavePackageTransactionId18DD359645185701BD6DD798BAF5FD1A_1, Filename=../../../../../../UnrealProjects/MechProject2/Content/MechaInsurgent/Ai/MechAiControl.uasset, AutoPackageBackupDelegate=0.095855, FlushAsyncLoading=0.005003, FlushStreamingFunc=0.074297, BlockTillAllRequestsFinished=0.006158, ResetLoadersForSaveUnMarkAllObjects=0.247527, TagPackageExports=3.910746, BeginCacheForCookedPlatformData=0.004236, SerializeImports=4.625604, GatherLocalizableTextData=2.747416, MarkNames=0.038881, SerializeSummary=0.017706, SerializeNames=0.159372, SerializeGatherableTextData=0.133194, BuildExportMap=0.232514, SortExportsNonSeekfree=0.382643, SortExportsSeekfreeConstructor=0.083148, SortExportsSeekfreeInner=7.255226, SortExportsSeekfree=0.005003, BuildDependencyMap=0.048507, SerializeImportMap=0.014242, SerializeExportMap=0.023868, SerializeDependencyMap=0.011548, SerializeStringAssetReferenceMap=0.003081, SaveThumbNailsAssetRegistryDataWorldLevelInfo=0.608996, SerializeExports=4.532449, SerializeBulkData=0.008084, MoveFile=6.582327, UnaccountedTime=3.116585, RunGuid=RunID625167144923609D161D4B9ABBC95131
SavePackageTransactionId18DD359645185701BD6DD798BAF5FD1A_2, Filename=../../../../../../UnrealProjects/MechProject2/Content/MechaInsurgent/MechaInsurgent/MechChara.uasset, AutoPackageBackupDelegate=286.021088, FlushAsyncLoading=0.015784, FlushStreamingFunc=0.099700, BlockTillAllRequestsFinished=0.006545, ResetLoadersForSaveUnMarkAllObjects=2.649251, TagPackageExports=503.978485, BeginCacheForCookedPlatformData=0.013091, SerializeImports=581.544800, GatherLocalizableTextData=327.957184, MarkNames=2.805930, SerializeSummary=0.038493, SerializeNames=2.244666, SerializeGatherableTextData=2.405193, BuildExportMap=3.625110, SortExportsNonSeekfree=156.268555, SortExportsSeekfreeConstructor=0.175539, SortExportsSeekfreeInner=725.056702, SortExportsSeekfree=0.016168, BuildDependencyMap=7.322978, SerializeImportMap=0.104707, SerializeExportMap=1.903597, SerializeDependencyMap=0.368401, SerializeStringAssetReferenceMap=0.006158, SaveThumbNailsAssetRegistryDataWorldLevelInfo=71.072105, SerializeExports=638.678101, SerializeBulkData=0.020403, MoveFile=316.217255, UnaccountedTime=2.598055, RunGuid=RunID625167144923609D161D4B9ABBC95131
SavePackageTransactionId18DD359645185701BD6DD798BAF5FD1A_3, Filename=../../../../../../UnrealProjects/MechProject2/Content/MechaInsurgent/Ai/BTS_VisionCheck.uasset, AutoPackageBackupDelegate=0.088923, FlushAsyncLoading=0.005007, FlushStreamingFunc=0.069674, BlockTillAllRequestsFinished=0.006545, ResetLoadersForSaveUnMarkAllObjects=0.443853, TagPackageExports=0.123568, BeginCacheForCookedPlatformData=0.002697, SerializeImports=0.454243, GatherLocalizableTextData=0.124339, MarkNames=0.011165, SerializeSummary=0.013474, SerializeNames=0.048503, SerializeGatherableTextData=0.001542, BuildExportMap=0.036567, SortExportsNonSeekfree=0.013091, SortExportsSeekfreeConstructor=0.084303, SortExportsSeekfreeInner=0.374947, SortExportsSeekfree=0.003848, BuildDependencyMap=0.011165, SerializeImportMap=0.008468, SerializeExportMap=0.005774, SerializeDependencyMap=0.001922, SerializeStringAssetReferenceMap=0.002697, SaveThumbNailsAssetRegistryDataWorldLevelInfo=0.092387, SerializeExports=0.287946, SerializeBulkData=0.006929, MoveFile=3.927685, UnaccountedTime=3.001485, RunGuid=RunID625167144923609D161D4B9ABBC95131
SavePackageTransactionId18DD359645185701BD6DD798BAF5FD1A_4, Filename=../../../../../../UnrealProjects/MechProject2/Saved/Autosaves/Game/MechaInsurgent/Ai/NewBehaviorTree_Auto2.uasset, AutoPackageBackupDelegate=9.486031, FlushAsyncLoading=0.010781, FlushStreamingFunc=0.085846, BlockTillAllRequestsFinished=0.009622, ResetLoadersForSaveUnMarkAllObjects=0.607073, TagPackageExports=0.081223, BeginCacheForCookedPlatformData=0.001926, SerializeImports=0.441540, GatherLocalizableTextData=0.568192, MarkNames=0.014629, SerializeSummary=0.015013, SerializeNames=0.068907, SerializeGatherableTextData=0.001542, BuildExportMap=0.046577, SortExportsNonSeekfree=0.041962, SortExportsSeekfreeConstructor=0.090461, SortExportsSeekfreeInner=0.394963, SortExportsSeekfree=0.004236, BuildDependencyMap=0.014242, SerializeImportMap=0.008855, SerializeExportMap=0.007696, SerializeDependencyMap=0.001926, SerializeStringAssetReferenceMap=0.002310, SaveThumbNailsAssetRegistryDataWorldLevelInfo=0.115484, SerializeExports=0.400353, SerializeBulkData=0.008855, MoveFile=3.671307, UnaccountedTime=0.122800, RunGuid=RunID625167144923609D161D4B9ABBC95131
SavePackageTransactionId18DD359645185701BD6DD798BAF5FD1A_5, Filename=../../../../../../UnrealProjects/MechProject2/Saved/Autosaves/Game/MechaInsurgent/Ai/BTService_BlueprintBase_New_Auto2.uasset, AutoPackageBackupDelegate=0.087384, FlushAsyncLoading=0.004619, FlushStreamingFunc=0.090849, BlockTillAllRequestsFinished=0.005390, ResetLoadersForSaveUnMarkAllObjects=0.233281, TagPackageExports=0.011548, BeginCacheForCookedPlatformData=0.001542, SerializeImports=0.274085, GatherLocalizableTextData=0.015400, MarkNames=0.006158, SerializeSummary=0.011932, SerializeNames=0.011936, SerializeGatherableTextData=0.001539, BuildExportMap=0.010394, SortExportsNonSeekfree=0.003465, SortExportsSeekfreeConstructor=0.011548, SortExportsSeekfreeInner=0.021558, SortExportsSeekfree=0.002310, BuildDependencyMap=0.006545, SerializeImportMap=0.076607, SerializeExportMap=0.013087, SerializeDependencyMap=0.001155, SerializeStringAssetReferenceMap=0.002310, SaveThumbNailsAssetRegistryDataWorldLevelInfo=0.019632, SerializeExports=0.006929, SerializeBulkData=0.004232, MoveFile=3.294822, UnaccountedTime=0.122417, RunGuid=RunID625167144923609D161D4B9ABBC95131
SavePackageTransactionId18DD359645185701BD6DD798BAF5FD1A_6, Filename=../../../../../../UnrealProjects/MechProject2/Saved/Autosaves/Game/MechaInsurgent/Ai/BTS_VisionCheck_Auto2.uasset, AutoPackageBackupDelegate=7.997032, FlushAsyncLoading=0.013858, FlushStreamingFunc=0.060055, BlockTillAllRequestsFinished=0.006158, ResetLoadersForSaveUnMarkAllObjects=0.276010, TagPackageExports=3.982347, BeginCacheForCookedPlatformData=0.003852, SerializeImports=4.717223, GatherLocalizableTextData=3.046907, MarkNames=0.026565, SerializeSummary=0.017706, SerializeNames=0.102397, SerializeGatherableTextData=0.080455, BuildExportMap=0.102784, SortExportsNonSeekfree=0.647876, SortExportsSeekfreeConstructor=0.011932, SortExportsSeekfreeInner=4.493185, SortExportsSeekfree=0.005387, BuildDependencyMap=0.037726, SerializeImportMap=0.015397, SerializeExportMap=0.021175, SerializeDependencyMap=0.006545, SerializeStringAssetReferenceMap=0.002310, SaveThumbNailsAssetRegistryDataWorldLevelInfo=0.674438, SerializeExports=5.464807, SerializeBulkData=0.010394, MoveFile=8.292675, UnaccountedTime=0.169378, RunGuid=RunID625167144923609D161D4B9ABBC95131
SavePackageTransactionId18DD359645185701BD6DD798BAF5FD1A_7, Filename=../../../../../../UnrealProjects/MechProject2/Content/MechaInsurgent/Ai/AICharacter_BlackBoard.uasset, AutoPackageBackupDelegate=0.106245, FlushAsyncLoading=0.005390, FlushStreamingFunc=0.061594, BlockTillAllRequestsFinished=0.005774, ResetLoadersForSaveUnMarkAllObjects=0.299491, TagPackageExports=0.024252, BeginCacheForCookedPlatformData=0.001155, SerializeImports=0.346459, GatherLocalizableTextData=0.036567, MarkNames=0.009239, SerializeSummary=0.012320, SerializeNames=0.031181, SerializeGatherableTextData=0.001926, BuildExportMap=0.023097, SortExportsNonSeekfree=0.008471, SortExportsSeekfreeConstructor=0.011161, SortExportsSeekfreeInner=0.063904, SortExportsSeekfree=0.003081, BuildDependencyMap=0.046577, SerializeImportMap=0.006158, SerializeExportMap=0.005003, SerializeDependencyMap=0.001539, SerializeStringAssetReferenceMap=0.002697, SaveThumbNailsAssetRegistryDataWorldLevelInfo=0.042342, SerializeExports=0.130501, SerializeBulkData=0.007700, MoveFile=3.436100, UnaccountedTime=2.964146, RunGuid=RunID625167144923609D161D4B9ABBC95131
SavePackageTransactionId18DD359645185701BD6DD798BAF5FD1A_8, Filename=../../../../../../UnrealProjects/MechProject2/Content/MechaInsurgent/Ai/MechAiControl.uasset, AutoPackageBackupDelegate=12.222670, FlushAsyncLoading=0.010010, FlushStreamingFunc=0.073910, BlockTillAllRequestsFinished=0.005390, ResetLoadersForSaveUnMarkAllObjects=0.480808, TagPackageExports=3.698252, BeginCacheForCookedPlatformData=0.003077, SerializeImports=4.132096, GatherLocalizableTextData=2.728555, MarkNames=0.038493, SerializeSummary=0.014242, SerializeNames=0.166301, SerializeGatherableTextData=0.153981, BuildExportMap=0.189397, SortExportsNonSeekfree=0.380337, SortExportsSeekfreeConstructor=0.078145, SortExportsSeekfreeInner=7.001154, SortExportsSeekfree=0.008084, BuildDependencyMap=0.048120, SerializeImportMap=0.016168, SerializeExportMap=0.025790, SerializeDependencyMap=0.016555, SerializeStringAssetReferenceMap=0.004619, SaveThumbNailsAssetRegistryDataWorldLevelInfo=0.683293, SerializeExports=4.911240, SerializeBulkData=0.008855, MoveFile=6.743237, UnaccountedTime=0.153214, RunGuid=RunID625167144923609D161D4B9ABBC95131
SavePackageTransactionId18DD359645185701BD6DD798BAF5FD1A_9, Filename=../../../../../../UnrealProjects/MechProject2/Content/MechaInsurgent/Ai/NewBehaviorTree.uasset, AutoPackageBackupDelegate=5.450949, FlushAsyncLoading=0.004232, FlushStreamingFunc=0.072371, BlockTillAllRequestsFinished=0.005774, ResetLoadersForSaveUnMarkAllObjects=0.442315, TagPackageExports=0.080839, BeginCacheForCookedPlatformData=0.001926, SerializeImports=0.402659, GatherLocalizableTextData=0.551641, MarkNames=0.013858, SerializeSummary=0.012320, SerializeNames=0.066210, SerializeGatherableTextData=0.001542, BuildExportMap=0.044268, SortExportsNonSeekfree=0.040419, SortExportsSeekfreeConstructor=0.010781, SortExportsSeekfreeInner=0.446159, SortExportsSeekfree=0.003852, BuildDependencyMap=0.014242, SerializeImportMap=0.008084, SerializeExportMap=0.007313, SerializeDependencyMap=0.001922, SerializeStringAssetReferenceMap=0.001542, SaveThumbNailsAssetRegistryDataWorldLevelInfo=0.104323, SerializeExports=0.381105, SerializeBulkData=0.007313, MoveFile=5.216897, UnaccountedTime=2.944898, RunGuid=RunID625167144923609D161D4B9ABBC95131
SavePackageTransactionId18DD359645185701BD6DD798BAF5FD1A_10, Filename=../../../../../../UnrealProjects/MechProject2/Content/MechaInsurgent/Ai/AICharacter_Controller.uasset, AutoPackageBackupDelegate=0.101626, FlushAsyncLoading=0.004619, FlushStreamingFunc=0.079688, BlockTillAllRequestsFinished=0.007313, ResetLoadersForSaveUnMarkAllObjects=0.411130, TagPackageExports=3.706336, BeginCacheForCookedPlatformData=0.003465, SerializeImports=4.343431, GatherLocalizableTextData=2.749726, MarkNames=0.037726, SerializeSummary=0.015013, SerializeNames=0.226740, SerializeGatherableTextData=0.106629, BuildExportMap=0.189397, SortExportsNonSeekfree=0.490434, SortExportsSeekfreeConstructor=0.086229, SortExportsSeekfreeInner=7.766828, SortExportsSeekfree=0.006545, BuildDependencyMap=0.051197, SerializeImportMap=0.014629, SerializeExportMap=0.024252, SerializeDependencyMap=0.011161, SerializeStringAssetReferenceMap=0.003465, SaveThumbNailsAssetRegistryDataWorldLevelInfo=0.649035, SerializeExports=4.706830, SerializeBulkData=0.007313, MoveFile=6.723217, UnaccountedTime=3.705952, RunGuid=RunID625167144923609D161D4B9ABBC95131
SavePackageTransactionId18DD359645185701BD6DD798BAF5FD1A_11, Filename=../../../../../../UnrealProjects/MechProject2/Content/MechaInsurgent/MechaInsurgent/MechChara.uasset, AutoPackageBackupDelegate=336.108582, FlushAsyncLoading=0.017326, FlushStreamingFunc=0.180542, BlockTillAllRequestsFinished=0.010394, ResetLoadersForSaveUnMarkAllObjects=5.544875, TagPackageExports=509.796692, BeginCacheForCookedPlatformData=0.013087, SerializeImports=549.960083, GatherLocalizableTextData=334.996857, MarkNames=3.532719, SerializeSummary=0.041578, SerializeNames=2.292015, SerializeGatherableTextData=2.451386, BuildExportMap=3.745984, SortExportsNonSeekfree=155.893600, SortExportsSeekfreeConstructor=0.139352, SortExportsSeekfreeInner=717.789551, SortExportsSeekfree=0.016168, BuildDependencyMap=5.099486, SerializeImportMap=0.107404, SerializeExportMap=1.952484, SerializeDependencyMap=0.355311, SerializeStringAssetReferenceMap=0.005007, SaveThumbNailsAssetRegistryDataWorldLevelInfo=61.141834, SerializeExports=655.217651, SerializeBulkData=0.021558, MoveFile=321.565033, UnaccountedTime=2.390180, RunGuid=RunID625167144923609D161D4B9ABBC95131
SavePackageTransactionId18DD359645185701BD6DD798BAF5FD1A_12, Filename=../../../../../../UnrealProjects/MechProject2/Content/MechaInsurgent/Ai/AICharacter_Behavior.uasset, AutoPackageBackupDelegate=0.081610, FlushAsyncLoading=0.005390, FlushStreamingFunc=0.235591, BlockTillAllRequestsFinished=0.007700, ResetLoadersForSaveUnMarkAllObjects=0.415366, TagPackageExports=0.094317, BeginCacheForCookedPlatformData=0.001922, SerializeImports=0.411902, GatherLocalizableTextData=0.559337, MarkNames=0.013474, SerializeSummary=0.012320, SerializeNames=0.064671, SerializeGatherableTextData=0.001539, BuildExportMap=0.043884, SortExportsNonSeekfree=0.049662, SortExportsSeekfreeConstructor=0.010777, SortExportsSeekfreeInner=0.384953, SortExportsSeekfree=0.003852, BuildDependencyMap=0.015780, SerializeImportMap=0.008084, SerializeExportMap=0.006929, SerializeDependencyMap=0.001922, SerializeStringAssetReferenceMap=0.001926, SaveThumbNailsAssetRegistryDataWorldLevelInfo=0.173613, SerializeExports=0.489276, SerializeBulkData=0.007700, MoveFile=4.574023, UnaccountedTime=3.356025, RunGuid=RunID625167144923609D161D4B9ABBC95131
SavePackageTransactionId18DD359645185701BD6DD798BAF5FD1A_13, Filename=../../../../../../UnrealProjects/MechProject2/Content/MechaInsurgent/Ai/AICharacter_Behavior.uasset, AutoPackageBackupDelegate=10.610096, FlushAsyncLoading=0.011165, FlushStreamingFunc=0.114329, BlockTillAllRequestsFinished=0.009626, ResetLoadersForSaveUnMarkAllObjects=0.443466, TagPackageExports=0.080843, BeginCacheForCookedPlatformData=0.001922, SerializeImports=0.442699, GatherLocalizableTextData=0.553947, MarkNames=0.014629, SerializeSummary=0.014629, SerializeNames=0.066981, SerializeGatherableTextData=0.001542, BuildExportMap=0.044651, SortExportsNonSeekfree=0.051200, SortExportsSeekfreeConstructor=0.127420, SortExportsSeekfreeInner=0.398427, SortExportsSeekfree=0.003848, BuildDependencyMap=0.015013, SerializeImportMap=0.008468, SerializeExportMap=0.007313, SerializeDependencyMap=0.001922, SerializeStringAssetReferenceMap=0.002697, SaveThumbNailsAssetRegistryDataWorldLevelInfo=0.113174, SerializeExports=0.417676, SerializeBulkData=0.008855, MoveFile=5.036354, UnaccountedTime=3.261711, RunGuid=RunID625167144923609D161D4B9ABBC95131
SavePackageTransactionId18DD359645185701BD6DD798BAF5FD1A_14, Filename=../../../../../../UnrealProjects/MechProject2/Content/MechaInsurgent/Ai/AICharacter_Controller.uasset, AutoPackageBackupDelegate=10.418777, FlushAsyncLoading=0.017323, FlushStreamingFunc=0.127420, BlockTillAllRequestsFinished=0.010777, ResetLoadersForSaveUnMarkAllObjects=0.249065, TagPackageExports=3.456887, BeginCacheForCookedPlatformData=0.003848, SerializeImports=3.974650, GatherLocalizableTextData=2.718158, MarkNames=0.038110, SerializeSummary=0.015397, SerializeNames=0.152059, SerializeGatherableTextData=0.088923, BuildExportMap=0.168227, SortExportsNonSeekfree=0.375714, SortExportsSeekfreeConstructor=0.080839, SortExportsSeekfreeInner=6.825618, SortExportsSeekfree=0.006158, BuildDependencyMap=0.045042, SerializeImportMap=0.017323, SerializeExportMap=0.021942, SerializeDependencyMap=0.006929, SerializeStringAssetReferenceMap=0.002310, SaveThumbNailsAssetRegistryDataWorldLevelInfo=0.586286, SerializeExports=5.107183, SerializeBulkData=0.018861, MoveFile=7.010780, UnaccountedTime=3.131986, RunGuid=RunID625167144923609D161D4B9ABBC95131
SavePackageTransactionId18DD359645185701BD6DD798BAF5FD1A_15, Filename=../../../../../../UnrealProjects/MechProject2/Content/MechaInsurgent/Ai/BTS_VisionCheck.uasset, AutoPackageBackupDelegate=5.497526, FlushAsyncLoading=0.003848, FlushStreamingFunc=0.074681, BlockTillAllRequestsFinished=0.005774, ResetLoadersForSaveUnMarkAllObjects=0.226356, TagPackageExports=4.137870, BeginCacheForCookedPlatformData=0.003848, SerializeImports=4.707601, GatherLocalizableTextData=3.001869, MarkNames=0.026565, SerializeSummary=0.014242, SerializeNames=0.099316, SerializeGatherableTextData=0.117026, BuildExportMap=0.099320, SortExportsNonSeekfree=0.644028, SortExportsSeekfreeConstructor=0.011165, SortExportsSeekfreeInner=4.356906, SortExportsSeekfree=0.005003, BuildDependencyMap=0.037342, SerializeImportMap=0.011165, SerializeExportMap=0.019245, SerializeDependencyMap=0.006162, SerializeStringAssetReferenceMap=0.002310, SaveThumbNailsAssetRegistryDataWorldLevelInfo=0.584744, SerializeExports=4.974373, SerializeBulkData=0.006545, MoveFile=8.539818, UnaccountedTime=3.633965, RunGuid=RunID625167144923609D161D4B9ABBC95131
SavePackageTransactionId18DD359645185701BD6DD798BAF5FD1A_16, Filename=../../../../../../UnrealProjects/MechProject2/Content/MechaInsurgent/Ai/BTService_BlueprintBase_New.uasset, AutoPackageBackupDelegate=0.100471, FlushAsyncLoading=0.004619, FlushStreamingFunc=0.173613, BlockTillAllRequestsFinished=0.011936, ResetLoadersForSaveUnMarkAllObjects=0.384953, TagPackageExports=0.017323, BeginCacheForCookedPlatformData=0.002310, SerializeImports=0.448473, GatherLocalizableTextData=0.023864, MarkNames=0.009239, SerializeSummary=0.018865, SerializeNames=0.020787, SerializeGatherableTextData=0.002693, BuildExportMap=0.017710, SortExportsNonSeekfree=0.005774, SortExportsSeekfreeConstructor=0.019249, SortExportsSeekfreeInner=0.035029, SortExportsSeekfree=0.003848, BuildDependencyMap=0.010394, SerializeImportMap=0.097781, SerializeExportMap=0.015013, SerializeDependencyMap=0.002310, SerializeStringAssetReferenceMap=0.003081, SaveThumbNailsAssetRegistryDataWorldLevelInfo=0.027332, SerializeExports=0.010006, SerializeBulkData=0.005774, MoveFile=3.970798, UnaccountedTime=3.519248, RunGuid=RunID625167144923609D161D4B9ABBC95131
SavePackageTransactionId18DD359645185701BD6DD798BAF5FD1A_17, Filename=../../../../../../UnrealProjects/MechProject2/Content/MechaInsurgent/MechaInsurgent/MechChara.uasset, AutoPackageBackupDelegate=5.964089, FlushAsyncLoading=0.008855, FlushStreamingFunc=0.113562, BlockTillAllRequestsFinished=0.011548, ResetLoadersForSaveUnMarkAllObjects=0.291023, TagPackageExports=501.031677, BeginCacheForCookedPlatformData=0.013471, SerializeImports=537.524536, GatherLocalizableTextData=327.196533, MarkNames=2.999175, SerializeSummary=0.044655, SerializeNames=2.648868, SerializeGatherableTextData=2.763197, BuildExportMap=3.478445, SortExportsNonSeekfree=134.997543, SortExportsSeekfreeConstructor=0.046581, SortExportsSeekfreeInner=649.829041, SortExportsSeekfree=0.016168, BuildDependencyMap=4.834633, SerializeImportMap=0.106633, SerializeExportMap=1.752693, SerializeDependencyMap=0.342607, SerializeStringAssetReferenceMap=0.005390, SaveThumbNailsAssetRegistryDataWorldLevelInfo=68.859390, SerializeExports=591.072021, SerializeBulkData=0.021558, MoveFile=236.833237, UnaccountedTime=4.462768, RunGuid=RunID625167144923609D161D4B9ABBC95131
SavePackageTransactionId18DD359645185701BD6DD798BAF5FD1A_18, Filename=../../../../../../UnrealProjects/MechProject2/Content/ThirdPersonBP/Maps/DEMOmap.umap, AutoPackageBackupDelegate=184.065292, FlushAsyncLoading=0.015784, FlushStreamingFunc=0.110481, BlockTillAllRequestsFinished=0.007316, ResetLoadersForSaveUnMarkAllObjects=2.124559, TagPackageExports=9.837110, BeginCacheForCookedPlatformData=0.009626, SerializeImports=13.588100, GatherLocalizableTextData=92.319244, MarkNames=1.177188, SerializeSummary=0.030026, SerializeNames=0.790313, SerializeGatherableTextData=0.128187, BuildExportMap=0.809945, SortExportsNonSeekfree=4.942037, SortExportsSeekfreeConstructor=0.107400, SortExportsSeekfreeInner=82.720039, SortExportsSeekfree=0.014246, BuildDependencyMap=0.427682, SerializeImportMap=0.108555, SerializeExportMap=0.162065, SerializeDependencyMap=0.074293, SerializeStringAssetReferenceMap=0.005774, SaveThumbNailsAssetRegistryDataWorldLevelInfo=4.109383, SerializeExports=22.733833, SerializeBulkData=55.036854, MoveFile=106.765793, UnaccountedTime=3.610097, RunGuid=RunID625167144923609D161D4B9ABBC95131
DDCTransactionId2B4E11804A8605B66F172FAFD2F3D896_5, PutCachedData=, CacheKey=REFL_FULL_0C6693969CB849AE9F4120FF5812F4D2_203A23AE4D3954DA2BB2D9846E8BFE74, StartTime=2016.05.25-19.10.42, HierarchicalDDC=, DataSize=397059, Duration=0.994720, RunGuid=RunID625167144923609D161D4B9ABBC95131
DDCTransactionId436BCBB3468F98BD43ACC592252F8107_6, PutCachedData=, CacheKey=PhysX_1D9C17C451EA4FB88CB7A27536A65DB0_PhysXPC_FEA65C0E4AB24060C172C6B8C7E507BC__1_0_13123_0, StartTime=2016.05.25-19.10.59, HierarchicalDDC=, DataSize=458, Duration=1.750383, RunGuid=RunID625167144923609D161D4B9ABBC95131
DDCTransactionIdFF4B38A94BDAAE6A2A344EA947EE3125_1, BuildTexture=, CacheKey=TEXTURE_814DCC3DC72143F49509781513CB9855_AutoDXT_954D647E4CA459703E38068CEF7062DF_07_0000803F0000803F0000803F000000000000803F00000000000000000000803F0000000000000000020000000E000000000000000101000000040000803FFFFFFFFF00000000FF00FF00FFFF8180803B, StartTime=2016.05.25-19.11.07, Duration=9.877916, RunGuid=RunID625167144923609D161D4B9ABBC95131
DDCTransactionIdD4B13FB94311EF726617AB93FFDBAC09_3, BuildTexture=, CacheKey=TEXTURE_814DCC3DC72143F49509781513CB9855_AutoDXT_4E39A78A4FFD615CD6178EA8F244F266_07_0000803F0000803F0000803F000000000000803F00000000000000000000803F0000000000000000020000000E000000000000000101000000040000803FFFFFFFFF00000000FF00FF00FFFF8180803B, StartTime=2016.05.25-19.11.07, Duration=3.856085, RunGuid=RunID625167144923609D161D4B9ABBC95131
DDCTransactionIdE052B25942B141902A1CB5A2FA89C26A_2, BuildTexture=, CacheKey=TEXTURE_814DCC3DC72143F49509781513CB9855_DXT1_4A8CA35545B0028D8E92778134C739CE_07_0000803F0000803F0000803F000000000000803F00000000000000000000803F0000000000000000020000000E000000000000000101000000040000803FFFFFFFFF00000000FF00FF00FFFF8180803B, StartTime=2016.05.25-19.11.07, Duration=5.493291, RunGuid=RunID625167144923609D161D4B9ABBC95131
DDCTransactionId4FE0EBE54D234B26692D57ABDFBD6C3B_1, BuildTexture=, CacheKey=TEXTURE_814DCC3DC72143F49509781513CB9855_AutoDXT_B1A328944FB00B8D61C96BA56BFD0159_07_0000803F0000803F0000803F000000000000803F00000000000000000000803F0000000000000000020000000E000000000000000101000000040000803FFFFFFFFF00000000FF00FF00FFFF8180803B, StartTime=2016.05.25-19.11.07, Duration=0.694454, RunGuid=RunID625167144923609D161D4B9ABBC95131
DDCTransactionIdF183BD9F4149BF05E33812B73613386C_4, PutCachedData=, CacheKey=TEXTURE_814DCC3DC72143F49509781513CB9855_AutoDXT_B1A328944FB00B8D61C96BA56BFD0__D7C29247A0549C4FF7E6B78F9869ED642C62674D, StartTime=2016.05.25-19.11.07, HierarchicalDDC=, DataSize=6014, Duration=1.579851, RunGuid=RunID625167144923609D161D4B9ABBC95131
DDCTransactionId2B4E11804A8605B66F172FAFD2F3D896_6, PutCachedData=, CacheKey=TEXTURE_814DCC3DC72143F49509781513CB9855_AutoDXT_4E39A78A4FFD615CD6178EA8F244F__E4E34C645697CA74C524A9EDDB44FEF78089E2AF, StartTime=2016.05.25-19.11.07, HierarchicalDDC=, DataSize=3294, Duration=1.383524, RunGuid=RunID625167144923609D161D4B9ABBC95131
DDCTransactionId6151A80D47606ECEFF757E857B18A8DD_6, PutCachedData=, CacheKey=TEXTURE_814DCC3DC72143F49509781513CB9855_DXT1_4A8CA35545B0028D8E92778134C739CE__57B37CAD35C00E8BC7F4D7967CC1DC88BC532FA3, StartTime=2016.05.25-19.11.07, HierarchicalDDC=, DataSize=33028, Duration=25.039711, RunGuid=RunID625167144923609D161D4B9ABBC95131
DDCTransactionId86829815480AB7407C36C0A0E4302A84_7, PutCachedData=, CacheKey=TEXTURE_814DCC3DC72143F49509781513CB9855_DXT1_4A8CA35545B0028D8E92778134C739CE__962B75618DC1FD4F77C79E97EC702D98D3A9A645, StartTime=2016.05.25-19.11.07, HierarchicalDDC=, DataSize=8452, Duration=1.483999, RunGuid=RunID625167144923609D161D4B9ABBC95131
DDCTransactionId436BCBB3468F98BD43ACC592252F8107_7, PutCachedData=, CacheKey=TEXTURE_814DCC3DC72143F49509781513CB9855_DXT1_4A8CA35545B0028D8E92778134C739CE__4A4B55C50D99CEA9978136CF98566EF8F7519E0C, StartTime=2016.05.25-19.11.07, HierarchicalDDC=, DataSize=3851, Duration=1.565993, RunGuid=RunID625167144923609D161D4B9ABBC95131
DDCTransactionId865ECE6E4A96D4D29AB6ED8658E41500_6, PutCachedData=, CacheKey=TEXTURE_814DCC3DC72143F49509781513CB9855_AutoDXT_954D647E4CA459703E38068CEF706__D786192935BEAB16C1DE039DD3AA6196CE5A9264, StartTime=2016.05.25-19.11.07, HierarchicalDDC=, DataSize=33031, Duration=24.144302, RunGuid=RunID625167144923609D161D4B9ABBC95131
DDCTransactionId0D4D189F406B28F35ED0EFB4CCC60C0A_4, PutCachedData=, CacheKey=TEXTURE_814DCC3DC72143F49509781513CB9855_AutoDXT_954D647E4CA459703E38068CEF706__9D64AE41DEC5B439FD98054815E3DB18F5039C80, StartTime=2016.05.25-19.11.07, HierarchicalDDC=, DataSize=8454, Duration=1.428563, RunGuid=RunID625167144923609D161D4B9ABBC95131
DDCTransactionIdF183BD9F4149BF05E33812B73613386C_5, PutCachedData=, CacheKey=TEXTURE_814DCC3DC72143F49509781513CB9855_AutoDXT_954D647E4CA459703E38068CEF706__07EFFF22B413B6B77BAA790914A6D66699CC49B0, StartTime=2016.05.25-19.11.07, HierarchicalDDC=, DataSize=3883, Duration=1.301914, RunGuid=RunID625167144923609D161D4B9ABBC95131
DDCTransactionId07E84B9B4F0BFC1E1A4B7DA31BAC4C77_4, BuildTexture=, CacheKey=TEXTURE_814DCC3DC72143F49509781513CB9855_DXT1_8ACD51BC4C312BA737003CB23AF4161C_07_0000803F0000803F0000803F000000000000803F00000000000000000000803F0000000000000000020000000E000000000000000101000000040000803FFFFFFFFF00000000FF00FF00FFFF8180803B, StartTime=2016.05.25-19.11.07, Duration=5.951002, RunGuid=RunID625167144923609D161D4B9ABBC95131
DDCTransactionId2B4E11804A8605B66F172FAFD2F3D896_7, PutCachedData=, CacheKey=TEXTURE_814DCC3DC72143F49509781513CB9855_DXT1_8ACD51BC4C312BA737003CB23AF4161C__84489A594538ECC7EED329964265CCF864AD604C, StartTime=2016.05.25-19.11.07, HierarchicalDDC=, DataSize=3267, Duration=1.311924, RunGuid=RunID625167144923609D161D4B9ABBC95131
DDCTransactionId6709CA1342B470C07065F095CD8F1A1E_1, BuildTexture=, CacheKey=TEXTURE_814DCC3DC72143F49509781513CB9855_AutoDXT_05A36D8640CCF0A44EA783A665D65550_07_0000803F0000803F0000803F000000000000803F00000000000000000000803F0000000000000000020000000E000000000000000101000000040000803FFFFFFFFF00000000FF00FF00FFFF8180803B, StartTime=2016.05.25-19.11.07, Duration=5.370494, RunGuid=RunID625167144923609D161D4B9ABBC95131
DDCTransactionId86829815480AB7407C36C0A0E4302A84_8, PutCachedData=, CacheKey=TEXTURE_814DCC3DC72143F49509781513CB9855_AutoDXT_05A36D8640CCF0A44EA783A665D65__667B4A9FB549633581359BB5BA2B6AE5598C0072, StartTime=2016.05.25-19.11.07, HierarchicalDDC=, DataSize=65799, Duration=2.041411, RunGuid=RunID625167144923609D161D4B9ABBC95131
DDCTransactionId436BCBB3468F98BD43ACC592252F8107_8, PutCachedData=, CacheKey=TEXTURE_814DCC3DC72143F49509781513CB9855_AutoDXT_05A36D8640CCF0A44EA783A665D65__033B0DA642C2574463AEB7CF20579D08002834E1, StartTime=2016.05.25-19.11.07, HierarchicalDDC=, DataSize=16647, Duration=2.005223, RunGuid=RunID625167144923609D161D4B9ABBC95131
DDCTransactionIdF183BD9F4149BF05E33812B73613386C_6, PutCachedData=, CacheKey=TEXTURE_814DCC3DC72143F49509781513CB9855_AutoDXT_05A36D8640CCF0A44EA783A665D65__660B29A430FAD36B8D2CAD797E020931D309936F, StartTime=2016.05.25-19.11.07, HierarchicalDDC=, DataSize=6604, Duration=1.512866, RunGuid=RunID625167144923609D161D4B9ABBC95131
DDCTransactionIdE052B25942B141902A1CB5A2FA89C26A_3, BuildTexture=, CacheKey=TEXTURE_814DCC3DC72143F49509781513CB9855_G8_EF7A905B4438F200A53619894D709062_07_0000803F0000803F0000803F000000000000803F00000000000000000000803F0000000000000000020000000E000000000000000101000000040000803FFFFFFFFF00000000FF00FF00FFFF8180803B, StartTime=2016.05.25-19.11.07, Duration=0.238672, RunGuid=RunID625167144923609D161D4B9ABBC95131
DDCTransactionId0D4D189F406B28F35ED0EFB4CCC60C0A_5, PutCachedData=, CacheKey=TEXTURE_814DCC3DC72143F49509781513CB9855_G8_EF7A905B4438F200A53619894D709062_0__60C505012AAC57CEBF2ABB8594403DA7200C8DDE, StartTime=2016.05.25-19.11.07, HierarchicalDDC=, DataSize=3250, Duration=1.628354, RunGuid=RunID625167144923609D161D4B9ABBC95131
DDCTransactionId07E84B9B4F0BFC1E1A4B7DA31BAC4C77_5, BuildTexture=, CacheKey=TEXTURE_814DCC3DC72143F49509781513CB9855_G8_5BC7AB8042661978DA537F8ADABAC572_07_0000803F0000803F0000803F000000000000803F00000000000000000000803F0000000000000000020000000E000000000000000101000000040000803FFFFFFFFF00000000FF00FF00FFFF8180803B, StartTime=2016.05.25-19.11.07, Duration=1.507480, RunGuid=RunID625167144923609D161D4B9ABBC95131
DDCTransactionId2B4E11804A8605B66F172FAFD2F3D896_8, PutCachedData=, CacheKey=TEXTURE_814DCC3DC72143F49509781513CB9855_G8_5BC7AB8042661978DA537F8ADABAC572_0__5175DE11F27F5FB6EF805A4571F12F812E795CB9, StartTime=2016.05.25-19.11.07, HierarchicalDDC=, DataSize=33026, Duration=1.682248, RunGuid=RunID625167144923609D161D4B9ABBC95131
DDCTransactionId6151A80D47606ECEFF757E857B18A8DD_7, PutCachedData=, CacheKey=TEXTURE_814DCC3DC72143F49509781513CB9855_G8_5BC7AB8042661978DA537F8ADABAC572_0__184C89BDADA476E161E82840C238E961668FA969, StartTime=2016.05.25-19.11.07, HierarchicalDDC=, DataSize=8449, Duration=1.937088, RunGuid=RunID625167144923609D161D4B9ABBC95131
DDCTransactionId865ECE6E4A96D4D29AB6ED8658E41500_7, PutCachedData=, CacheKey=TEXTURE_814DCC3DC72143F49509781513CB9855_G8_5BC7AB8042661978DA537F8ADABAC572_0__133CF53F85C318B35C2D380EA2CECF5B1F33C1D6, StartTime=2016.05.25-19.11.07, HierarchicalDDC=, DataSize=3829, Duration=1.953255, RunGuid=RunID625167144923609D161D4B9ABBC95131
SavePackageTransactionId18DD359645185701BD6DD798BAF5FD1A_19, Filename=../../../../../../UnrealProjects/MechProject2/Content/MechaInsurgent/Ai/AICharacter_BlackBoard.uasset, AutoPackageBackupDelegate=10.032665, FlushAsyncLoading=0.018094, FlushStreamingFunc=0.214037, BlockTillAllRequestsFinished=0.011932, ResetLoadersForSaveUnMarkAllObjects=1.743842, TagPackageExports=0.031181, BeginCacheForCookedPlatformData=0.002310, SerializeImports=0.569731, GatherLocalizableTextData=0.073142, MarkNames=0.015013, SerializeSummary=0.023484, SerializeNames=0.052735, SerializeGatherableTextData=0.004619, BuildExportMap=0.045042, SortExportsNonSeekfree=0.018090, SortExportsSeekfreeConstructor=0.127036, SortExportsSeekfreeInner=0.095084, SortExportsSeekfree=0.005390, BuildDependencyMap=0.015013, SerializeImportMap=0.009622, SerializeExportMap=0.008084, SerializeDependencyMap=0.002693, SerializeStringAssetReferenceMap=0.003465, SaveThumbNailsAssetRegistryDataWorldLevelInfo=0.073910, SerializeExports=0.191323, SerializeBulkData=0.011165, MoveFile=4.485097, UnaccountedTime=2.963375, RunGuid=RunID625167144923609D161D4B9ABBC95131
SavePackageTransactionId18DD359645185701BD6DD798BAF5FD1A_20, Filename=../../../../../../UnrealProjects/MechProject2/Content/MechaInsurgent/Ai/AiState.uasset, AutoPackageBackupDelegate=0.155907, FlushAsyncLoading=0.008468, FlushStreamingFunc=0.120491, BlockTillAllRequestsFinished=0.012703, ResetLoadersForSaveUnMarkAllObjects=0.279479, TagPackageExports=0.023868, BeginCacheForCookedPlatformData=0.001926, SerializeImports=0.435382, GatherLocalizableTextData=0.038110, MarkNames=0.006929, SerializeSummary=0.013474, SerializeNames=0.025406, SerializeGatherableTextData=0.006545, BuildExportMap=0.015397, SortExportsNonSeekfree=0.006162, SortExportsSeekfreeConstructor=0.014625, SortExportsSeekfreeInner=0.040036, SortExportsSeekfree=0.003081, BuildDependencyMap=0.008084, SerializeImportMap=0.006158, SerializeExportMap=0.004236, SerializeDependencyMap=0.001539, SerializeStringAssetReferenceMap=0.002693, SaveThumbNailsAssetRegistryDataWorldLevelInfo=0.030797, SerializeExports=0.132039, SerializeBulkData=0.008084, MoveFile=3.396064, UnaccountedTime=2.335899, RunGuid=RunID625167144923609D161D4B9ABBC95131
SavePackageTransactionId18DD359645185701BD6DD798BAF5FD1A_21, Filename=../../../../../../UnrealProjects/MechProject2/Content/MechaInsurgent/Ai/AICharacter_BlackBoard.uasset, AutoPackageBackupDelegate=7.193633, FlushAsyncLoading=0.004619, FlushStreamingFunc=0.076219, BlockTillAllRequestsFinished=0.007316, ResetLoadersForSaveUnMarkAllObjects=0.239056, TagPackageExports=0.023097, BeginCacheForCookedPlatformData=0.001155, SerializeImports=0.346459, GatherLocalizableTextData=0.053894, MarkNames=0.009622, SerializeSummary=0.012320, SerializeNames=0.033107, SerializeGatherableTextData=0.001539, BuildExportMap=0.032723, SortExportsNonSeekfree=0.013858, SortExportsSeekfreeConstructor=0.010394, SortExportsSeekfreeInner=0.089310, SortExportsSeekfree=0.003465, BuildDependencyMap=0.010394, SerializeImportMap=0.006929, SerializeExportMap=0.005007, SerializeDependencyMap=0.001539, SerializeStringAssetReferenceMap=0.002310, SaveThumbNailsAssetRegistryDataWorldLevelInfo=0.054281, SerializeExports=0.158984, SerializeBulkData=0.007313, MoveFile=4.985150, UnaccountedTime=3.523868, RunGuid=RunID625167144923609D161D4B9ABBC95131
SavePackageTransactionId18DD359645185701BD6DD798BAF5FD1A_22, Filename=../../../../../../UnrealProjects/MechProject2/Content/MechaInsurgent/Ai/AICharacter_BlackBoard.uasset, AutoPackageBackupDelegate=10.529641, FlushAsyncLoading=0.009626, FlushStreamingFunc=0.119336, BlockTillAllRequestsFinished=0.012703, ResetLoadersForSaveUnMarkAllObjects=0.346072, TagPackageExports=0.035413, BeginCacheForCookedPlatformData=0.001926, SerializeImports=0.483502, GatherLocalizableTextData=0.080071, MarkNames=0.012703, SerializeSummary=0.018094, SerializeNames=0.045810, SerializeGatherableTextData=0.001539, BuildExportMap=0.043500, SortExportsNonSeekfree=0.027332, SortExportsSeekfreeConstructor=0.108171, SortExportsSeekfreeInner=0.112019, SortExportsSeekfree=0.004236, BuildDependencyMap=0.013858, SerializeImportMap=0.010006, SerializeExportMap=0.007700, SerializeDependencyMap=0.001922, SerializeStringAssetReferenceMap=0.002697, SaveThumbNailsAssetRegistryDataWorldLevelInfo=0.076603, SerializeExports=0.224430, SerializeBulkData=0.010010, MoveFile=4.699130, UnaccountedTime=2.487190, RunGuid=RunID625167144923609D161D4B9ABBC95131
SavePackageTransactionId18DD359645185701BD6DD798BAF5FD1A_23, Filename=../../../../../../UnrealProjects/MechProject2/Content/MechaInsurgent/Ai/BTS_VisionCheck.uasset, AutoPackageBackupDelegate=12.325068, FlushAsyncLoading=0.011165, FlushStreamingFunc=0.090078, BlockTillAllRequestsFinished=0.005774, ResetLoadersForSaveUnMarkAllObjects=0.240598, TagPackageExports=7.507752, BeginCacheForCookedPlatformData=0.006545, SerializeImports=7.796854, GatherLocalizableTextData=4.635617, MarkNames=0.056587, SerializeSummary=0.024252, SerializeNames=0.198636, SerializeGatherableTextData=0.127420, BuildExportMap=0.225585, SortExportsNonSeekfree=0.896171, SortExportsSeekfreeConstructor=0.102013, SortExportsSeekfreeInner=6.731689, SortExportsSeekfree=0.006542, BuildDependencyMap=0.063520, SerializeImportMap=0.023864, SerializeExportMap=0.040036, SerializeDependencyMap=0.010397, SerializeStringAssetReferenceMap=0.003077, SaveThumbNailsAssetRegistryDataWorldLevelInfo=1.069404, SerializeExports=7.854596, SerializeBulkData=0.011936, MoveFile=8.433957, UnaccountedTime=3.018808, RunGuid=RunID625167144923609D161D4B9ABBC95131
SavePackageTransactionId18DD359645185701BD6DD798BAF5FD1A_24, Filename=../../../../../../UnrealProjects/MechProject2/Content/MechaInsurgent/Ai/BTS_VisionCheck.uasset, AutoPackageBackupDelegate=7.380720, FlushAsyncLoading=0.004619, FlushStreamingFunc=0.132039, BlockTillAllRequestsFinished=0.008471, ResetLoadersForSaveUnMarkAllObjects=0.241365, TagPackageExports=4.669107, BeginCacheForCookedPlatformData=0.003465, SerializeImports=6.174657, GatherLocalizableTextData=3.406458, MarkNames=0.049274, SerializeSummary=0.016168, SerializeNames=0.149362, SerializeGatherableTextData=0.155136, BuildExportMap=0.167072, SortExportsNonSeekfree=0.655960, SortExportsSeekfreeConstructor=0.087384, SortExportsSeekfreeInner=5.168777, SortExportsSeekfree=0.005387, BuildDependencyMap=0.050817, SerializeImportMap=0.018477, SerializeExportMap=0.028487, SerializeDependencyMap=0.007313, SerializeStringAssetReferenceMap=0.002310, SaveThumbNailsAssetRegistryDataWorldLevelInfo=0.769526, SerializeExports=6.021060, SerializeBulkData=0.007316, MoveFile=8.922074, UnaccountedTime=2.910253, RunGuid=RunID625167144923609D161D4B9ABBC95131
SavePackageTransactionId18DD359645185701BD6DD798BAF5FD1A_25, Filename=../../../../../../UnrealProjects/MechProject2/Content/MechaInsurgent/Ai/BTS_VisionCheck.uasset, AutoPackageBackupDelegate=5.532943, FlushAsyncLoading=0.004619, FlushStreamingFunc=0.081610, BlockTillAllRequestsFinished=0.005774, ResetLoadersForSaveUnMarkAllObjects=0.241365, TagPackageExports=4.818853, BeginCacheForCookedPlatformData=0.003465, SerializeImports=5.182635, GatherLocalizableTextData=3.217828, MarkNames=0.047348, SerializeSummary=0.016555, SerializeNames=0.148591, SerializeGatherableTextData=0.129730, BuildExportMap=0.166301, SortExportsNonSeekfree=0.650957, SortExportsSeekfreeConstructor=0.015784, SortExportsSeekfreeInner=5.305432, SortExportsSeekfree=0.005774, BuildDependencyMap=0.049662, SerializeImportMap=0.016935, SerializeExportMap=0.028487, SerializeDependencyMap=0.007316, SerializeStringAssetReferenceMap=0.002310, SaveThumbNailsAssetRegistryDataWorldLevelInfo=0.814177, SerializeExports=5.621478, SerializeBulkData=0.006933, MoveFile=9.075288, UnaccountedTime=0.165146, RunGuid=RunID625167144923609D161D4B9ABBC95131
SavePackageTransactionId18DD359645185701BD6DD798BAF5FD1A_26, Filename=../../../../../../UnrealProjects/MechProject2/Content/MechaInsurgent/Ai/BTS_VisionCheck.uasset, AutoPackageBackupDelegate=7.193633, FlushAsyncLoading=0.005007, FlushStreamingFunc=0.079684, BlockTillAllRequestsFinished=0.006545, ResetLoadersForSaveUnMarkAllObjects=0.236362, TagPackageExports=5.738892, BeginCacheForCookedPlatformData=0.003465, SerializeImports=6.494555, GatherLocalizableTextData=4.032008, MarkNames=0.046194, SerializeSummary=0.016939, SerializeNames=0.155907, SerializeGatherableTextData=0.135887, BuildExportMap=0.199407, SortExportsNonSeekfree=0.835732, SortExportsSeekfreeConstructor=0.079688, SortExportsSeekfreeInner=6.224703, SortExportsSeekfree=0.005003, BuildDependencyMap=0.053894, SerializeImportMap=0.016168, SerializeExportMap=0.033107, SerializeDependencyMap=0.011552, SerializeStringAssetReferenceMap=0.002693, SaveThumbNailsAssetRegistryDataWorldLevelInfo=0.895016, SerializeExports=7.237520, SerializeBulkData=0.008084, MoveFile=9.161901, UnaccountedTime=3.600087, RunGuid=RunID625167144923609D161D4B9ABBC95131
SavePackageTransactionId18DD359645185701BD6DD798BAF5FD1A_27, Filename=../../../../../../UnrealProjects/MechProject2/Content/MechaInsurgent/Ai/BTS_VisionCheck.uasset, AutoPackageBackupDelegate=7.311813, FlushAsyncLoading=0.005774, FlushStreamingFunc=0.082377, BlockTillAllRequestsFinished=0.008471, ResetLoadersForSaveUnMarkAllObjects=0.250604, TagPackageExports=7.299110, BeginCacheForCookedPlatformData=0.003852, SerializeImports=8.175649, GatherLocalizableTextData=5.036350, MarkNames=0.056975, SerializeSummary=0.018094, SerializeNames=0.165913, SerializeGatherableTextData=0.182085, BuildExportMap=0.209413, SortExportsNonSeekfree=1.077101, SortExportsSeekfreeConstructor=0.086229, SortExportsSeekfreeInner=8.151785, SortExportsSeekfree=0.005003, BuildDependencyMap=0.069678, SerializeImportMap=0.018861, SerializeExportMap=0.037342, SerializeDependencyMap=0.008471, SerializeStringAssetReferenceMap=0.001539, SaveThumbNailsAssetRegistryDataWorldLevelInfo=1.089036, SerializeExports=9.034481, SerializeBulkData=0.007700, MoveFile=11.457380, UnaccountedTime=3.978882, RunGuid=RunID625167144923609D161D4B9ABBC95131
SavePackageTransactionId18DD359645185701BD6DD798BAF5FD1A_28, Filename=../../../../../../UnrealProjects/MechProject2/Content/MechaInsurgent/Ai/BTS_VisionCheck.uasset, AutoPackageBackupDelegate=5.805489, FlushAsyncLoading=0.005003, FlushStreamingFunc=0.141278, BlockTillAllRequestsFinished=0.006545, ResetLoadersForSaveUnMarkAllObjects=0.239443, TagPackageExports=7.126652, BeginCacheForCookedPlatformData=0.003848, SerializeImports=12.184944, GatherLocalizableTextData=7.715244, MarkNames=0.073530, SerializeSummary=0.026174, SerializeNames=0.248682, SerializeGatherableTextData=0.202484, BuildExportMap=0.341456, SortExportsNonSeekfree=1.632974, SortExportsSeekfreeConstructor=0.017323, SortExportsSeekfreeInner=11.158273, SortExportsSeekfree=0.005774, BuildDependencyMap=0.066597, SerializeImportMap=0.023097, SerializeExportMap=0.040807, SerializeDependencyMap=0.008471, SerializeStringAssetReferenceMap=0.002693, SaveThumbNailsAssetRegistryDataWorldLevelInfo=1.102507, SerializeExports=9.203479, SerializeBulkData=0.015397, MoveFile=10.152772, UnaccountedTime=0.204794, RunGuid=RunID625167144923609D161D4B9ABBC95131
SavePackageTransactionId18DD359645185701BD6DD798BAF5FD1A_29, Filename=../../../../../../UnrealProjects/MechProject2/Content/MechaInsurgent/Ai/BTS_VisionCheck.uasset, AutoPackageBackupDelegate=5.586453, FlushAsyncLoading=0.004619, FlushStreamingFunc=0.079684, BlockTillAllRequestsFinished=0.007316, ResetLoadersForSaveUnMarkAllObjects=0.275239, TagPackageExports=7.416520, BeginCacheForCookedPlatformData=0.003852, SerializeImports=13.245489, GatherLocalizableTextData=7.723715, MarkNames=0.073910, SerializeSummary=0.024252, SerializeNames=0.242136, SerializeGatherableTextData=0.184011, BuildExportMap=0.304110, SortExportsNonSeekfree=1.636054, SortExportsSeekfreeConstructor=0.106633, SortExportsSeekfreeInner=10.530413, SortExportsSeekfree=0.005774, BuildDependencyMap=0.065830, SerializeImportMap=0.024635, SerializeExportMap=0.040036, SerializeDependencyMap=0.008468, SerializeStringAssetReferenceMap=0.001926, SaveThumbNailsAssetRegistryDataWorldLevelInfo=1.115981, SerializeExports=9.049881, SerializeBulkData=0.014242, MoveFile=10.013807, UnaccountedTime=0.210952, RunGuid=RunID625167144923609D161D4B9ABBC95131
SavePackageTransactionId18DD359645185701BD6DD798BAF5FD1A_30, Filename=../../../../../../UnrealProjects/MechProject2/Content/MechaInsurgent/Ai/AICharacter_Behavior.uasset, AutoPackageBackupDelegate=10.620106, FlushAsyncLoading=0.010394, FlushStreamingFunc=0.078917, BlockTillAllRequestsFinished=0.008855, ResetLoadersForSaveUnMarkAllObjects=0.317972, TagPackageExports=0.179388, BeginCacheForCookedPlatformData=0.002310, SerializeImports=50.795815, GatherLocalizableTextData=1.680709, MarkNames=0.017323, SerializeSummary=0.016551, SerializeNames=0.090081, SerializeGatherableTextData=0.001922, BuildExportMap=0.073526, SortExportsNonSeekfree=0.065442, SortExportsSeekfreeConstructor=0.088926, SortExportsSeekfreeInner=0.801858, SortExportsSeekfree=0.004619, BuildDependencyMap=0.019249, SerializeImportMap=0.010006, SerializeExportMap=0.008855, SerializeDependencyMap=0.002310, SerializeStringAssetReferenceMap=0.001926, SaveThumbNailsAssetRegistryDataWorldLevelInfo=0.159372, SerializeExports=0.545096, SerializeBulkData=0.009239, MoveFile=5.722340, UnaccountedTime=3.495380, RunGuid=RunID625167144923609D161D4B9ABBC95131
SavePackageTransactionId18DD359645185701BD6DD798BAF5FD1A_31, Filename=../../../../../../UnrealProjects/MechProject2/Content/MechaInsurgent/Ai/AICharacter_Behavior.uasset, AutoPackageBackupDelegate=7.749893, FlushAsyncLoading=0.004619, FlushStreamingFunc=0.080071, BlockTillAllRequestsFinished=0.007313, ResetLoadersForSaveUnMarkAllObjects=0.243291, TagPackageExports=0.113945, BeginCacheForCookedPlatformData=0.001926, SerializeImports=0.530850, GatherLocalizableTextData=1.698032, MarkNames=0.015784, SerializeSummary=0.013087, SerializeNames=0.083148, SerializeGatherableTextData=0.001542, BuildExportMap=0.066981, SortExportsNonSeekfree=0.061594, SortExportsSeekfreeConstructor=0.010777, SortExportsSeekfreeInner=0.819568, SortExportsSeekfree=0.003848, BuildDependencyMap=0.018094, SerializeImportMap=0.009239, SerializeExportMap=0.008468, SerializeDependencyMap=0.002310, SerializeStringAssetReferenceMap=0.001542, SaveThumbNailsAssetRegistryDataWorldLevelInfo=0.142045, SerializeExports=0.579741, SerializeBulkData=0.007700, MoveFile=4.997473, UnaccountedTime=3.392212, RunGuid=RunID625167144923609D161D4B9ABBC95131
SavePackageTransactionId18DD359645185701BD6DD798BAF5FD1A_32, Filename=../../../../../../UnrealProjects/MechProject2/Content/MechaInsurgent/Ai/BTS_VisionCheck.uasset, AutoPackageBackupDelegate=61.514084, FlushAsyncLoading=0.016939, FlushStreamingFunc=0.229433, BlockTillAllRequestsFinished=0.011932, ResetLoadersForSaveUnMarkAllObjects=0.279091, TagPackageExports=8.874342, BeginCacheForCookedPlatformData=0.003848, SerializeImports=9.568799, GatherLocalizableTextData=5.900569, MarkNames=0.054281, SerializeSummary=0.017706, SerializeNames=0.166684, SerializeGatherableTextData=0.173613, BuildExportMap=0.257149, SortExportsNonSeekfree=1.314618, SortExportsSeekfreeConstructor=0.081997, SortExportsSeekfreeInner=9.692368, SortExportsSeekfree=0.008855, BuildDependencyMap=0.089694, SerializeImportMap=0.021942, SerializeExportMap=0.047736, SerializeDependencyMap=0.010394, SerializeStringAssetReferenceMap=0.002310, SaveThumbNailsAssetRegistryDataWorldLevelInfo=1.301914, SerializeExports=11.554774, SerializeBulkData=0.014629, MoveFile=11.551693, UnaccountedTime=3.436867, RunGuid=RunID625167144923609D161D4B9ABBC95131
SavePackageTransactionId18DD359645185701BD6DD798BAF5FD1A_33, Filename=../../../../../../UnrealProjects/MechProject2/Content/ThirdPersonBP/Maps/AiTest.umap, AutoPackageBackupDelegate=32.179447, FlushAsyncLoading=0.016939, FlushStreamingFunc=0.095468, BlockTillAllRequestsFinished=0.010394, ResetLoadersForSaveUnMarkAllObjects=0.318356, TagPackageExports=1.174107, BeginCacheForCookedPlatformData=0.003465, SerializeImports=2.069898, GatherLocalizableTextData=12.383197, MarkNames=0.072371, SerializeSummary=0.024252, SerializeNames=0.553947, SerializeGatherableTextData=0.023868, BuildExportMap=0.492740, SortExportsNonSeekfree=0.334140, SortExportsSeekfreeConstructor=0.086617, SortExportsSeekfreeInner=43.252258, SortExportsSeekfree=0.007313, BuildDependencyMap=0.093546, SerializeImportMap=0.067752, SerializeExportMap=0.035033, SerializeDependencyMap=0.008851, SerializeStringAssetReferenceMap=0.002697, SaveThumbNailsAssetRegistryDataWorldLevelInfo=1.074791, SerializeExports=3.279805, SerializeBulkData=5.000550, MoveFile=29.889740, UnaccountedTime=2.668116, RunGuid=RunID625167144923609D161D4B9ABBC95131
SavePackageTransactionId18DD359645185701BD6DD798BAF5FD1A_34, Filename=../../../../../../UnrealProjects/MechProject2/Content/MechaInsurgent/Ai/AICharacter_Behavior.uasset, AutoPackageBackupDelegate=5.611472, FlushAsyncLoading=0.004236, FlushStreamingFunc=0.074681, BlockTillAllRequestsFinished=0.008084, ResetLoadersForSaveUnMarkAllObjects=0.240594, TagPackageExports=0.112019, BeginCacheForCookedPlatformData=0.001926, SerializeImports=0.475802, GatherLocalizableTextData=0.807252, MarkNames=0.017323, SerializeSummary=0.015397, SerializeNames=0.090465, SerializeGatherableTextData=0.002310, BuildExportMap=0.068907, SortExportsNonSeekfree=0.063900, SortExportsSeekfreeConstructor=0.011165, SortExportsSeekfreeInner=0.890784, SortExportsSeekfree=0.003848, BuildDependencyMap=0.019632, SerializeImportMap=0.009239, SerializeExportMap=0.008468, SerializeDependencyMap=0.002310, SerializeStringAssetReferenceMap=0.001542, SaveThumbNailsAssetRegistryDataWorldLevelInfo=0.184774, SerializeExports=0.688300, SerializeBulkData=0.007700, MoveFile=4.510890, UnaccountedTime=2.215791, RunGuid=RunID625167144923609D161D4B9ABBC95131
SavePackageTransactionId18DD359645185701BD6DD798BAF5FD1A_35, Filename=../../../../../../UnrealProjects/MechProject2/Content/MechaInsurgent/Ai/MechChara2.uasset, AutoPackageBackupDelegate=0.104707, FlushAsyncLoading=0.005007, FlushStreamingFunc=0.146665, BlockTillAllRequestsFinished=0.007700, ResetLoadersForSaveUnMarkAllObjects=0.322975, TagPackageExports=540.059814, BeginCacheForCookedPlatformData=0.013087, SerializeImports=564.835083, GatherLocalizableTextData=312.164093, MarkNames=3.183566, SerializeSummary=0.042345, SerializeNames=2.282392, SerializeGatherableTextData=2.358612, BuildExportMap=3.081173, SortExportsNonSeekfree=138.263107, SortExportsSeekfreeConstructor=0.126649, SortExportsSeekfreeInner=627.049011, SortExportsSeekfree=0.015784, BuildDependencyMap=7.319126, SerializeImportMap=0.105094, SerializeExportMap=1.788881, SerializeDependencyMap=0.547405, SerializeStringAssetReferenceMap=0.008855, SaveThumbNailsAssetRegistryDataWorldLevelInfo=70.854988, SerializeExports=616.480896, SerializeBulkData=0.024252, MoveFile=235.597916, UnaccountedTime=6.344427, RunGuid=RunID625167144923609D161D4B9ABBC95131
SavePackageTransactionId18DD359645185701BD6DD798BAF5FD1A_36, Filename=../../../../../../UnrealProjects/MechProject2/Content/MechaInsurgent/Ai/MechChara2.uasset, AutoPackageBackupDelegate=419.794495, FlushAsyncLoading=0.017706, FlushStreamingFunc=0.103936, BlockTillAllRequestsFinished=0.011936, ResetLoadersForSaveUnMarkAllObjects=1.921304, TagPackageExports=53.738403, BeginCacheForCookedPlatformData=0.007696, SerializeImports=56.303352, GatherLocalizableTextData=303.867157, MarkNames=1.222227, SerializeSummary=0.030797, SerializeNames=0.711396, SerializeGatherableTextData=2.392873, BuildExportMap=0.788771, SortExportsNonSeekfree=9.722776, SortExportsSeekfreeConstructor=0.102784, SortExportsSeekfreeInner=83.034927, SortExportsSeekfree=0.013091, BuildDependencyMap=0.498515, SerializeImportMap=0.043496, SerializeExportMap=0.247911, SerializeDependencyMap=0.041191, SerializeStringAssetReferenceMap=0.003081, SaveThumbNailsAssetRegistryDataWorldLevelInfo=18.302631, SerializeExports=69.130783, SerializeBulkData=0.016939, MoveFile=57.222618, UnaccountedTime=3.735978, RunGuid=RunID625167144923609D161D4B9ABBC95131
SavePackageTransactionId18DD359645185701BD6DD798BAF5FD1A_37, Filename=../../../../../../UnrealProjects/MechProject2/Content/ThirdPersonBP/Maps/AiTest.umap, AutoPackageBackupDelegate=34.505337, FlushAsyncLoading=0.015397, FlushStreamingFunc=0.223659, BlockTillAllRequestsFinished=0.008855, ResetLoadersForSaveUnMarkAllObjects=0.286404, TagPackageExports=1.345027, BeginCacheForCookedPlatformData=0.003465, SerializeImports=2.212714, GatherLocalizableTextData=14.239058, MarkNames=0.106249, SerializeSummary=0.022713, SerializeNames=0.558950, SerializeGatherableTextData=0.027720, BuildExportMap=0.525847, SortExportsNonSeekfree=0.434995, SortExportsSeekfreeConstructor=0.093546, SortExportsSeekfreeInner=55.746704, SortExportsSeekfree=0.014246, BuildDependencyMap=2.420589, SerializeImportMap=0.042345, SerializeExportMap=0.035800, SerializeDependencyMap=0.010006, SerializeStringAssetReferenceMap=0.002697, SaveThumbNailsAssetRegistryDataWorldLevelInfo=1.069400, SerializeExports=3.818356, SerializeBulkData=2.569567, MoveFile=31.136610, UnaccountedTime=4.296854, RunGuid=RunID625167144923609D161D4B9ABBC95131
SavePackageTransactionId18DD359645185701BD6DD798BAF5FD1A_38, Filename=../../../../../../UnrealProjects/MechProject2/Content/MechaInsurgent/Ai/AiCharacter.uasset, AutoPackageBackupDelegate=0.096623, FlushAsyncLoading=0.004619, FlushStreamingFunc=0.120491, BlockTillAllRequestsFinished=0.006545, ResetLoadersForSaveUnMarkAllObjects=0.235591, TagPackageExports=1.351189, BeginCacheForCookedPlatformData=0.003081, SerializeImports=1.711119, GatherLocalizableTextData=2.359766, MarkNames=0.032719, SerializeSummary=0.015400, SerializeNames=0.128187, SerializeGatherableTextData=0.008855, BuildExportMap=0.112407, SortExportsNonSeekfree=0.117026, SortExportsSeekfreeConstructor=0.089310, SortExportsSeekfreeInner=11.717222, SortExportsSeekfree=0.006545, BuildDependencyMap=0.029258, SerializeImportMap=0.013858, SerializeExportMap=0.013474, SerializeDependencyMap=0.003465, SerializeStringAssetReferenceMap=0.002693, SaveThumbNailsAssetRegistryDataWorldLevelInfo=12.276947, SerializeExports=1.857020, SerializeBulkData=0.008851, MoveFile=8.937474, UnaccountedTime=3.634732, RunGuid=RunID625167144923609D161D4B9ABBC95131
SavePackageTransactionId18DD359645185701BD6DD798BAF5FD1A_39, Filename=../../../../../../UnrealProjects/MechProject2/Content/MechaInsurgent/Ai/AICharacter_Controller.uasset, AutoPackageBackupDelegate=10.750990, FlushAsyncLoading=0.010394, FlushStreamingFunc=0.113949, BlockTillAllRequestsFinished=0.005387, ResetLoadersForSaveUnMarkAllObjects=0.542786, TagPackageExports=3.468048, BeginCacheForCookedPlatformData=0.003465, SerializeImports=3.808733, GatherLocalizableTextData=2.613455, MarkNames=0.038877, SerializeSummary=0.015017, SerializeNames=0.156291, SerializeGatherableTextData=0.093158, BuildExportMap=0.172842, SortExportsNonSeekfree=0.397272, SortExportsSeekfreeConstructor=0.084307, SortExportsSeekfreeInner=7.131268, SortExportsSeekfree=0.005007, BuildDependencyMap=0.039648, SerializeImportMap=0.014242, SerializeExportMap=0.019632, SerializeDependencyMap=0.006158, SerializeStringAssetReferenceMap=0.002310, SaveThumbNailsAssetRegistryDataWorldLevelInfo=0.578973, SerializeExports=3.945775, SerializeBulkData=0.007700, MoveFile=7.943910, UnaccountedTime=0.167839, RunGuid=RunID625167144923609D161D4B9ABBC95131
SavePackageTransactionId18DD359645185701BD6DD798BAF5FD1A_40, Filename=../../../../../../UnrealProjects/MechProject2/Content/ThirdPersonBP/Maps/AiTest.umap, AutoPackageBackupDelegate=33.641891, FlushAsyncLoading=0.015013, FlushStreamingFunc=0.102397, BlockTillAllRequestsFinished=0.019632, ResetLoadersForSaveUnMarkAllObjects=0.442311, TagPackageExports=1.781184, BeginCacheForCookedPlatformData=0.005003, SerializeImports=2.983779, GatherLocalizableTextData=16.992632, MarkNames=0.070062, SerializeSummary=0.023481, SerializeNames=0.520457, SerializeGatherableTextData=0.024255, BuildExportMap=0.465024, SortExportsNonSeekfree=0.310272, SortExportsSeekfreeConstructor=0.085458, SortExportsSeekfreeInner=41.334419, SortExportsSeekfree=0.006929, BuildDependencyMap=0.092003, SerializeImportMap=0.085074, SerializeExportMap=0.048120, SerializeDependencyMap=0.008468, SerializeStringAssetReferenceMap=0.002697, SaveThumbNailsAssetRegistryDataWorldLevelInfo=0.956994, SerializeExports=2.967224, SerializeBulkData=3.750607, MoveFile=31.729433, UnaccountedTime=2.864059, RunGuid=RunID625167144923609D161D4B9ABBC95131
SavePackageTransactionId18DD359645185701BD6DD798BAF5FD1A_41, Filename=../../../../../../UnrealProjects/MechProject2/Content/MechaInsurgent/MechaInsurgent/MechChara.uasset, AutoPackageBackupDelegate=577.489685, FlushAsyncLoading=0.018094, FlushStreamingFunc=0.156675, BlockTillAllRequestsFinished=0.011165, ResetLoadersForSaveUnMarkAllObjects=2.517212, TagPackageExports=495.836334, BeginCacheForCookedPlatformData=0.011936, SerializeImports=571.255737, GatherLocalizableTextData=328.515778, MarkNames=4.599813, SerializeSummary=0.054277, SerializeNames=3.358726, SerializeGatherableTextData=3.570061, BuildExportMap=4.481248, SortExportsNonSeekfree=154.035812, SortExportsSeekfreeConstructor=0.043496, SortExportsSeekfreeInner=621.697754, SortExportsSeekfree=0.015397, BuildDependencyMap=6.749395, SerializeImportMap=0.107784, SerializeExportMap=1.809284, SerializeDependencyMap=0.655577, SerializeStringAssetReferenceMap=0.008468, SaveThumbNailsAssetRegistryDataWorldLevelInfo=85.902840, SerializeExports=617.489807, SerializeBulkData=0.017326, MoveFile=263.217957, UnaccountedTime=5.137596, RunGuid=RunID625167144923609D161D4B9ABBC95131
SavePackageTransactionId18DD359645185701BD6DD798BAF5FD1A_42, Filename=../../../../../../UnrealProjects/MechProject2/Content/MechaInsurgent/Ai/AICharacter_Controller.uasset, AutoPackageBackupDelegate=12.136825, FlushAsyncLoading=0.008468, FlushStreamingFunc=0.147056, BlockTillAllRequestsFinished=0.009239, ResetLoadersForSaveUnMarkAllObjects=0.433456, TagPackageExports=6.577321, BeginCacheForCookedPlatformData=0.004236, SerializeImports=6.161958, GatherLocalizableTextData=4.410028, MarkNames=0.058129, SerializeSummary=0.018477, SerializeNames=0.223659, SerializeGatherableTextData=0.119720, BuildExportMap=0.260998, SortExportsNonSeekfree=0.709470, SortExportsSeekfreeConstructor=0.015784, SortExportsSeekfreeInner=11.086285, SortExportsSeekfree=0.008855, BuildDependencyMap=0.069290, SerializeImportMap=0.015780, SerializeExportMap=0.024252, SerializeDependencyMap=0.009239, SerializeStringAssetReferenceMap=0.003465, SaveThumbNailsAssetRegistryDataWorldLevelInfo=0.950452, SerializeExports=5.672295, SerializeBulkData=0.007700, MoveFile=7.190556, UnaccountedTime=3.619719, RunGuid=RunID625167144923609D161D4B9ABBC95131
SavePackageTransactionId18DD359645185701BD6DD798BAF5FD1A_43, Filename=../../../../../../UnrealProjects/MechProject2/Content/MechaInsurgent/MechaInsurgent/MechChara2.uasset, AutoPackageBackupDelegate=0.094317, FlushAsyncLoading=0.004619, FlushStreamingFunc=0.124339, BlockTillAllRequestsFinished=0.005390, ResetLoadersForSaveUnMarkAllObjects=0.229429, TagPackageExports=0.011932, BeginCacheForCookedPlatformData=0.001542, SerializeImports=0.269465, GatherLocalizableTextData=0.014629, MarkNames=0.005390, SerializeSummary=0.011548, SerializeNames=0.012320, SerializeGatherableTextData=0.001539, BuildExportMap=0.010777, SortExportsNonSeekfree=0.003465, SortExportsSeekfreeConstructor=0.012320, SortExportsSeekfreeInner=0.021171, SortExportsSeekfree=0.002697, BuildDependencyMap=0.005774, SerializeImportMap=0.030413, SerializeExportMap=0.010394, SerializeDependencyMap=0.001155, SerializeStringAssetReferenceMap=0.002693, SaveThumbNailsAssetRegistryDataWorldLevelInfo=0.019249, SerializeExports=0.006545, SerializeBulkData=0.004232, MoveFile=4.058570, UnaccountedTime=2.480257, RunGuid=RunID625167144923609D161D4B9ABBC95131
